sample_id,stage,sex,condition,replicate,batch,dataset,lane,run_accession
SM_ADUL_FEM_MIXE_RNA_B2,adult,female,mixed_sex,,B2,PRJEB14695,single,ERR506074
SM_ADUL_MAL_SING_RNA_B2,adult,male,single_sex,,B2,PRJEB14695,single,ERR506078
SM_ADUL_MAL_MIXE_RNA_B2,adult,male,mixed_sex,,B2,PRJEB14695,single,ERR506079
SM_ADUL_MAL_MIXE_RNA_B2,adult,male,mixed_sex,,B2,PRJEB14695,single,ERR506080
SM_ADUL_FEM_MIXE_RNA_B2,adult,female,mixed_sex,,B2,PRJEB14695,single,ERR506083
SM_ADUL_MAL_MIXE_RNA_B2,adult,male,mixed_sex,,B2,PRJEB14695,single,ERR506088
SM_ADUL_MAL_MIXE_RNA_B2,adult,male,mixed_sex,,B2,PRJEB14695,single,ERR506090
SM_ADUL_FEM_SING_RNA_B2,adult,female,single_sex,,B2,PRJEB14695,single,ERR506096
SM_ADUL_FEM_MIXE_RNA_B2,adult,female,mixed_sex,,B2,PRJEB14695,single,ERR506098
SM_ADUL_MAL_MIXE_RNA_B2,adult,male,mixed_sex,,B2,PRJEB14695,single,ERR506112
SM_ADUL_FEM_SING_RNA_B2,adult,female,single_sex,,B2,PRJEB14695,single,ERR667050
SM_ADUL_FEM_MIXE_RNA_B2,adult,female,mixed_sex,,B2,PRJEB14695,single,ERR667051
SM_ADUL_FEM_MIXE_RNA_B2,adult,female,mixed_sex,,B2,PRJEB14695,single,ERR667052
SM_ADUL_MAL_MIXE_RNA_B2,adult,male,mixed_sex,,B2,PRJEB14695,single,ERR667057
SM_ADUL_MAL_MIXE_RNA_B2,adult,male,mixed_sex,,B2,PRJEB14695,single,ERR667058
SM_ADUL_FEM_MIXE_RNA_B2,adult,female,mixed_sex,,B2,PRJEB14695,single,ERR667062
SM_ADUL_MAL_SING_RNA_B2,adult,male,single_sex,,B2,PRJEB14695,single,ERR667067
SM_ADUL_FEM_SING_RNA_B2,adult,female,single_sex,,B2,PRJEB14695,single,ERR667070
SM_ADUL_FEM_SING_RNA_B2,adult,female,single_sex,,B2,PRJEB14695,single,ERR667071
SM_ADUL_FEM_SING_RNA_B2,adult,female,single_sex,,B2,PRJEB14695,single,ERR667073
SM_ADUL_FEM_MIXE_RNA_B2,adult,female,mixed_sex,,B2,PRJEB14695,single,ERR667075
SM_ADUL_MAL_MIXE_RNA_B2,adult,male,mixed_sex,,B2,PRJEB14695,single,ERR667082
SM_ADUL_MAL_MIXE_RNA_B2,adult,male,mixed_sex,,B2,PRJEB14695,single,ERR667083
SM_ADUL_FEM_MIXE_RNA_B2,adult,female,mixed_sex,,B2,PRJEB14695,single,ERR667085
SM_ADUL_FEM_MIXE_RNA_B2,adult,female,mixed_sex,,B2,PRJEB14695,single,ERR667086
SM_ADUL_MAL_SING_RNA_B2,adult,male,single_sex,,B2,PRJEB14695,single,ERR667088
SM_ADUL_MAL_MIXE_RNA_B2,adult,male,mixed_sex,,B2,PRJEB14695,single,ERR667090
SM_ADUL_FEM_SING_RNA_B2,adult,female,single_sex,,B2,PRJEB14695,single,ERR667097
SM_ADUL_FEM_SING_RNA_B2,adult,female,single_sex,,B2,PRJEB14695,single,ERR667098
SM_ADUL_FEM_MIXE_RNA_B2,adult,female,mixed_sex,,B2,PRJEB14695,single,ERR667101
SM_ADUL_MAL_SING_RNA_B2,adult,male,single_sex,,B2,PRJEB14695,single,ERR667103
SM_ADUL_FEM_MIXE_RNA_B2,adult,female,mixed_sex,,B2,PRJEB14695,single,ERR667110
SM_ADUL_FEM_SING_RNA_B2,adult,female,single_sex,,B2,PRJEB14695,single,ERR667118
SM_ADUL_FEM_SING_RNA_B2,adult,female,single_sex,,B2,PRJEB14695,single,ERR667122
SM_ADUL_MAL_MIXE_RNA_B2,adult,male,mixed_sex,,B2,PRJEB14695,single,ERR667129
SM_ADUL_MAL_MIXE_RNA_B2,adult,male,mixed_sex,,B2,PRJEB14695,single,ERR667130
SM_ADUL_MAL_MIXE_RNA_B2,adult,male,mixed_sex,,B2,PRJEB14695,single,ERR667131
SM_ADUL_MAL_SING_RNA_B2,adult,male,single_sex,,B2,PRJEB14695,single,ERR667135
SM_ADUL_MAL_SING_RNA_B2,adult,male,single_sex,,B2,PRJEB14695,single,ERR667137
SM_ADUL_MAL_MIXE_RNA_B2,adult,male,mixed_sex,,B2,PRJEB14695,single,ERR667138
SM_ADUL_MAL_SING_RNA_B2,adult,male,single_sex,,B2,PRJEB14695,single,ERR667139
SM_ADUL_FEM_SING_RNA_B2,adult,female,single_sex,,B2,PRJEB14695,single,ERR667143
SM_ADUL_FEM_MIXE_RNA_B2,adult,female,mixed_sex,,B2,PRJEB14695,single,ERR506073
SM_ADUL_FEM_MIXE_RNA_B2,adult,female,mixed_sex,,B2,PRJEB14695,single,ERR506076
SM_ADUL_MAL_SING_RNA_B2,adult,male,single_sex,,B2,PRJEB14695,single,ERR506077
SM_ADUL_MAL_MIXE_RNA_B2,adult,male,mixed_sex,,B2,PRJEB14695,single,ERR506082
SM_ADUL_FEM_SING_RNA_B2,adult,female,single_sex,,B2,PRJEB14695,single,ERR506091
SM_ADUL_FEM_SING_RNA_B2,adult,female,single_sex,,B2,PRJEB14695,single,ERR506092
SM_ADUL_FEM_MIXE_RNA_B2,adult,female,mixed_sex,,B2,PRJEB14695,single,ERR506097
SM_ADUL_MAL_MIXE_RNA_B2,adult,male,mixed_sex,,B2,PRJEB14695,single,ERR506105
SM_ADUL_MAL_MIXE_RNA_B2,adult,male,mixed_sex,,B2,PRJEB14695,single,ERR506106
SM_ADUL_FEM_MIXE_RNA_B2,adult,female,mixed_sex,,B2,PRJEB14695,single,ERR506108
SM_ADUL_MAL_SING_RNA_B2,adult,male,single_sex,,B2,PRJEB14695,single,ERR506111
SM_ADUL_FEM_SING_RNA_B2,adult,female,single_sex,,B2,PRJEB14695,single,ERR506115
SM_ADUL_FEM_SING_RNA_B2,adult,female,single_sex,,B2,PRJEB14695,single,ERR506117
SM_ADUL_FEM_SING_RNA_B2,adult,female,single_sex,,B2,PRJEB14695,single,ERR667049
SM_ADUL_FEM_MIXE_RNA_B2,adult,female,mixed_sex,,B2,PRJEB14695,single,ERR667053
SM_ADUL_MAL_SING_RNA_B2,adult,male,single_sex,,B2,PRJEB14695,single,ERR667056
SM_ADUL_MAL_MIXE_RNA_B2,adult,male,mixed_sex,,B2,PRJEB14695,single,ERR667060
SM_ADUL_FEM_MIXE_RNA_B2,adult,female,mixed_sex,,B2,PRJEB14695,single,ERR667061
SM_ADUL_MAL_SING_RNA_B2,adult,male,single_sex,,B2,PRJEB14695,single,ERR667065
SM_ADUL_FEM_MIXE_RNA_B2,adult,female,mixed_sex,,B2,PRJEB14695,single,ERR667076
SM_ADUL_FEM_MIXE_RNA_B2,adult,female,mixed_sex,,B2,PRJEB14695,single,ERR667077
SM_ADUL_MAL_SING_RNA_B2,adult,male,single_sex,,B2,PRJEB14695,single,ERR667087
SM_ADUL_MAL_SING_RNA_B2,adult,male,single_sex,,B2,PRJEB14695,single,ERR667089
SM_ADUL_MAL_SING_RNA_B2,adult,male,single_sex,,B2,PRJEB14695,single,ERR667091
SM_ADUL_MAL_MIXE_RNA_B2,adult,male,mixed_sex,,B2,PRJEB14695,single,ERR667092
SM_ADUL_FEM_SING_RNA_B2,adult,female,single_sex,,B2,PRJEB14695,single,ERR667094
SM_ADUL_FEM_MIXE_RNA_B2,adult,female,mixed_sex,,B2,PRJEB14695,single,ERR667099
SM_ADUL_FEM_MIXE_RNA_B2,adult,female,mixed_sex,,B2,PRJEB14695,single,ERR667100
SM_ADUL_FEM_MIXE_RNA_B2,adult,female,mixed_sex,,B2,PRJEB14695,single,ERR667102
SM_ADUL_MAL_SING_RNA_B2,adult,male,single_sex,,B2,PRJEB14695,single,ERR667104
SM_ADUL_MAL_MIXE_RNA_B2,adult,male,mixed_sex,,B2,PRJEB14695,single,ERR667105
SM_ADUL_MAL_MIXE_RNA_B2,adult,male,mixed_sex,,B2,PRJEB14695,single,ERR667108
SM_ADUL_FEM_MIXE_RNA_B2,adult,female,mixed_sex,,B2,PRJEB14695,single,ERR667109
SM_ADUL_MAL_SING_RNA_B2,adult,male,single_sex,,B2,PRJEB14695,single,ERR667111
SM_ADUL_MAL_MIXE_RNA_B2,adult,male,mixed_sex,,B2,PRJEB14695,single,ERR667116
SM_ADUL_FEM_SING_RNA_B2,adult,female,single_sex,,B2,PRJEB14695,single,ERR667117
SM_ADUL_FEM_SING_RNA_B2,adult,female,single_sex,,B2,PRJEB14695,single,ERR667119
SM_ADUL_FEM_SING_RNA_B2,adult,female,single_sex,,B2,PRJEB14695,single,ERR667121
SM_ADUL_FEM_MIXE_RNA_B2,adult,female,mixed_sex,,B2,PRJEB14695,single,ERR667123
SM_ADUL_FEM_MIXE_RNA_B2,adult,female,mixed_sex,,B2,PRJEB14695,single,ERR667124
SM_ADUL_FEM_MIXE_RNA_B2,adult,female,mixed_sex,,B2,PRJEB14695,single,ERR667126
SM_ADUL_MAL_SING_RNA_B2,adult,male,single_sex,,B2,PRJEB14695,single,ERR667128
SM_ADUL_MAL_MIXE_RNA_B2,adult,male,mixed_sex,,B2,PRJEB14695,single,ERR667132
SM_ADUL_MAL_SING_RNA_B2,adult,male,single_sex,,B2,PRJEB14695,single,ERR667136
SM_ADUL_FEM_SING_RNA_B2,adult,female,single_sex,,B2,PRJEB14695,single,ERR667141
SM_ADUL_FEM_SING_RNA_B2,adult,female,single_sex,,B2,PRJEB14695,single,ERR506071
SM_ADUL_FEM_SING_RNA_B2,adult,female,single_sex,,B2,PRJEB14695,single,ERR506072
SM_ADUL_FEM_MIXE_RNA_B2,adult,female,mixed_sex,,B2,PRJEB14695,single,ERR506075
SM_ADUL_MAL_MIXE_RNA_B2,adult,male,mixed_sex,,B2,PRJEB14695,single,ERR506081
SM_ADUL_FEM_MIXE_RNA_B2,adult,female,mixed_sex,,B2,PRJEB14695,single,ERR506084
SM_ADUL_MAL_SING_RNA_B2,adult,male,single_sex,,B2,PRJEB14695,single,ERR506085
SM_ADUL_MAL_SING_RNA_B2,adult,male,single_sex,,B2,PRJEB14695,single,ERR506086
SM_ADUL_MAL_SING_RNA_B2,adult,male,single_sex,,B2,PRJEB14695,single,ERR506087
SM_ADUL_MAL_SING_RNA_B2,adult,male,single_sex,,B2,PRJEB14695,single,ERR506089
SM_ADUL_FEM_SING_RNA_B2,adult,female,single_sex,,B2,PRJEB14695,single,ERR506093
SM_ADUL_FEM_SING_RNA_B2,adult,female,single_sex,,B2,PRJEB14695,single,ERR506095
SM_ADUL_FEM_MIXE_RNA_B2,adult,female,mixed_sex,,B2,PRJEB14695,single,ERR506099
SM_ADUL_FEM_MIXE_RNA_B2,adult,female,mixed_sex,,B2,PRJEB14695,single,ERR506100
SM_ADUL_MAL_SING_RNA_B2,adult,male,single_sex,,B2,PRJEB14695,single,ERR506101
SM_ADUL_MAL_SING_RNA_B2,adult,male,single_sex,,B2,PRJEB14695,single,ERR506102
SM_ADUL_MAL_MIXE_RNA_B2,adult,male,mixed_sex,,B2,PRJEB14695,single,ERR506103
SM_ADUL_MAL_MIXE_RNA_B2,adult,male,mixed_sex,,B2,PRJEB14695,single,ERR506104
SM_ADUL_FEM_MIXE_RNA_B2,adult,female,mixed_sex,,B2,PRJEB14695,single,ERR506107
SM_ADUL_MAL_SING_RNA_B2,adult,male,single_sex,,B2,PRJEB14695,single,ERR506109
SM_ADUL_MAL_SING_RNA_B2,adult,male,single_sex,,B2,PRJEB14695,single,ERR506110
SM_ADUL_MAL_SING_RNA_B2,adult,male,single_sex,,B2,PRJEB14695,single,ERR506113
SM_ADUL_MAL_MIXE_RNA_B2,adult,male,mixed_sex,,B2,PRJEB14695,single,ERR506114
SM_ADUL_FEM_SING_RNA_B2,adult,female,single_sex,,B2,PRJEB14695,single,ERR506116
SM_ADUL_FEM_MIXE_RNA_B2,adult,female,mixed_sex,,B2,PRJEB14695,single,ERR667054
SM_ADUL_MAL_SING_RNA_B2,adult,male,single_sex,,B2,PRJEB14695,single,ERR667055
SM_ADUL_MAL_MIXE_RNA_B2,adult,male,mixed_sex,,B2,PRJEB14695,single,ERR667059
SM_ADUL_MAL_SING_RNA_B2,adult,male,single_sex,,B2,PRJEB14695,single,ERR667063
SM_ADUL_MAL_SING_RNA_B2,adult,male,single_sex,,B2,PRJEB14695,single,ERR667064
SM_ADUL_MAL_MIXE_RNA_B2,adult,male,mixed_sex,,B2,PRJEB14695,single,ERR667066
SM_ADUL_MAL_MIXE_RNA_B2,adult,male,mixed_sex,,B2,PRJEB14695,single,ERR667068
SM_ADUL_FEM_SING_RNA_B2,adult,female,single_sex,,B2,PRJEB14695,single,ERR667069
SM_ADUL_FEM_SING_RNA_B2,adult,female,single_sex,,B2,PRJEB14695,single,ERR667074
SM_ADUL_FEM_MIXE_RNA_B2,adult,female,mixed_sex,,B2,PRJEB14695,single,ERR667078
SM_ADUL_MAL_SING_RNA_B2,adult,male,single_sex,,B2,PRJEB14695,single,ERR667079
SM_ADUL_MAL_SING_RNA_B2,adult,male,single_sex,,B2,PRJEB14695,single,ERR667080
SM_ADUL_MAL_MIXE_RNA_B2,adult,male,mixed_sex,,B2,PRJEB14695,single,ERR667081
SM_ADUL_MAL_MIXE_RNA_B2,adult,male,mixed_sex,,B2,PRJEB14695,single,ERR667084
SM_ADUL_FEM_SING_RNA_B2,adult,female,single_sex,,B2,PRJEB14695,single,ERR667093
SM_ADUL_FEM_SING_RNA_B2,adult,female,single_sex,,B2,PRJEB14695,single,ERR667095
SM_ADUL_MAL_MIXE_RNA_B2,adult,male,mixed_sex,,B2,PRJEB14695,single,ERR667106
SM_ADUL_MAL_MIXE_RNA_B2,adult,male,mixed_sex,,B2,PRJEB14695,single,ERR667107
SM_ADUL_MAL_SING_RNA_B2,adult,male,single_sex,,B2,PRJEB14695,single,ERR667112
SM_ADUL_MAL_SING_RNA_B2,adult,male,single_sex,,B2,PRJEB14695,single,ERR667113
SM_ADUL_MAL_MIXE_RNA_B2,adult,male,mixed_sex,,B2,PRJEB14695,single,ERR667114
SM_ADUL_MAL_SING_RNA_B2,adult,male,single_sex,,B2,PRJEB14695,single,ERR667115
SM_ADUL_FEM_MIXE_RNA_B2,adult,female,mixed_sex,,B2,PRJEB14695,single,ERR667125
SM_ADUL_MAL_SING_RNA_B2,adult,male,single_sex,,B2,PRJEB14695,single,ERR667127
SM_ADUL_FEM_MIXE_RNA_B2,adult,female,mixed_sex,,B2,PRJEB14695,single,ERR667133
SM_ADUL_FEM_MIXE_RNA_B2,adult,female,mixed_sex,,B2,PRJEB14695,single,ERR667134
SM_ADUL_MAL_MIXE_RNA_B2,adult,male,mixed_sex,,B2,PRJEB14695,single,ERR667140
SM_ADUL_FEM_SING_RNA_B2,adult,female,single_sex,,B2,PRJEB14695,single,ERR667142
