sample_id,file_prefix,raw_sample_id,stage,tissue,sex,infection_mode,condition,biological_location,replicate,source_sample_id,batch,dataset,lane,run_accession,study_accession,study
SM_ADUL_OVAR_FEM_MIXS_SC1878518_B2,SM_ADUL_OVAR_FEM_MIXS_SC1878518_B2,Schistosoma_mansoni_ovaries__mixed_sex_infection-sc-1878518,adult,ovary,female,mixed_sex,mixed_sex,,1878518,1878518,B2,PRJEB14695,,ERR506074,PRJEB14695,PRJEB14695_parsed
SM_ADUL_TEST_MAL_SING_SC1878522_B2,SM_ADUL_TEST_MAL_SING_SC1878522_B2,Schistosoma_mansoni__testes_from_single_sex_infection-sc-1878522,adult,testis,male,single_sex,single_sex,,1878522,1878522,B2,PRJEB14695,,ERR506078,PRJEB14695,PRJEB14695_parsed
SM_ADUL_TEST_MAL_MIXS_SC1878523_B2,SM_ADUL_TEST_MAL_MIXS_SC1878523_B2,Schistosoma_mansoni__testes_from_mixed_sex_infection-sc-1878523,adult,testis,male,mixed_sex,mixed_sex,,1878523,1878523,B2,PRJEB14695,,ERR506079,PRJEB14695,PRJEB14695_parsed
SM_ADUL_TEST_MAL_MIXS_SC1878524_B2,SM_ADUL_TEST_MAL_MIXS_SC1878524_B2,Schistosoma_mansoni__testes_from_mixed_sex_infection-sc-1878524,adult,testis,male,mixed_sex,mixed_sex,,1878524,1878524,B2,PRJEB14695,,ERR506080,PRJEB14695,PRJEB14695_parsed
SM_ADUL_WHOL_FEM_MIXS_SC1878527_B2,SM_ADUL_WHOL_FEM_MIXS_SC1878527_B2,Schistosoma_mansoni__whole_female_from_mixed_infection-sc-1878527,adult,whole_body,female,mixed_sex,mixed_sex,,1878527,1878527,B2,PRJEB14695,,ERR506083,PRJEB14695,PRJEB14695_parsed
SM_ADUL_WHOL_MAL_MIXS_SC1878533_B2,SM_ADUL_WHOL_MAL_MIXS_SC1878533_B2,Schistosoma_mansoni__whole_male_from_mixed_sex_infection-sc-1878533,adult,whole_body,male,mixed_sex,mixed_sex,,1878533,1878533,B2,PRJEB14695,,ERR506088,PRJEB14695,PRJEB14695_parsed
SM_ADUL_WHOL_MAL_MIXS_SC1878534_B2,SM_ADUL_WHOL_MAL_MIXS_SC1878534_B2,Schistosoma_mansoni__whole_male_from_mixed_sex_infection-sc-1878534,adult,whole_body,male,mixed_sex,mixed_sex,,1878534,1878534,B2,PRJEB14695,,ERR506090,PRJEB14695,PRJEB14695_parsed
SM_ADUL_OVAR_FEM_SING_SC1878516_B2,SM_ADUL_OVAR_FEM_SING_SC1878516_B2,Schistosoma_mansoni_ovaries__single_sex_infection-sc-1878516,adult,ovary,female,single_sex,single_sex,,1878516,1878516,B2,PRJEB14695,,ERR506096,PRJEB14695,PRJEB14695_parsed
SM_ADUL_OVAR_FEM_MIXS_SC1878518_B2,SM_ADUL_OVAR_FEM_MIXS_SC1878518_B2,Schistosoma_mansoni_ovaries__mixed_sex_infection-sc-1878518,adult,ovary,female,mixed_sex,mixed_sex,,1878518,1878518,B2,PRJEB14695,,ERR506098,PRJEB14695,PRJEB14695_parsed
SM_ADUL_WHOL_MAL_MIXS_SC1878533_B2,SM_ADUL_WHOL_MAL_MIXS_SC1878533_B2,Schistosoma_mansoni__whole_male_from_mixed_sex_infection-sc-1878533,adult,whole_body,male,mixed_sex,mixed_sex,,1878533,1878533,B2,PRJEB14695,,ERR506112,PRJEB14695,PRJEB14695_parsed
SM_ADUL_OVAR_FEM_SING_SC1878516_B2,SM_ADUL_OVAR_FEM_SING_SC1878516_B2,Schistosoma_mansoni_ovaries__single_sex_infection-sc-1878516,adult,ovary,female,single_sex,single_sex,,1878516,1878516,B2,PRJEB14695,,ERR667050,PRJEB14695,PRJEB14695_parsed
SM_ADUL_OVAR_FEM_MIXS_SC1878517_B2,SM_ADUL_OVAR_FEM_MIXS_SC1878517_B2,Schistosoma_mansoni_ovaries__mixed_sex_infection-sc-1878517,adult,ovary,female,mixed_sex,mixed_sex,,1878517,1878517,B2,PRJEB14695,,ERR667051,PRJEB14695,PRJEB14695_parsed
SM_ADUL_OVAR_FEM_MIXS_SC1878518_B2,SM_ADUL_OVAR_FEM_MIXS_SC1878518_B2,Schistosoma_mansoni_ovaries__mixed_sex_infection-sc-1878518,adult,ovary,female,mixed_sex,mixed_sex,,1878518,1878518,B2,PRJEB14695,,ERR667052,PRJEB14695,PRJEB14695_parsed
SM_ADUL_TEST_MAL_MIXS_SC1878523_B2,SM_ADUL_TEST_MAL_MIXS_SC1878523_B2,Schistosoma_mansoni__testes_from_mixed_sex_infection-sc-1878523,adult,testis,male,mixed_sex,mixed_sex,,1878523,1878523,B2,PRJEB14695,,ERR667057,PRJEB14695,PRJEB14695_parsed
SM_ADUL_TEST_MAL_MIXS_SC1878524_B2,SM_ADUL_TEST_MAL_MIXS_SC1878524_B2,Schistosoma_mansoni__testes_from_mixed_sex_infection-sc-1878524,adult,testis,male,mixed_sex,mixed_sex,,1878524,1878524,B2,PRJEB14695,,ERR667058,PRJEB14695,PRJEB14695_parsed
SM_ADUL_WHOL_FEM_MIXS_SC1878528_B2,SM_ADUL_WHOL_FEM_MIXS_SC1878528_B2,Schistosoma_mansoni__whole_female_from_mixed_infection-sc-1878528,adult,whole_body,female,mixed_sex,mixed_sex,,1878528,1878528,B2,PRJEB14695,,ERR667062,PRJEB14695,PRJEB14695_parsed
SM_ADUL_WHOL_MAL_SING_SC1878532_B2,SM_ADUL_WHOL_MAL_SING_SC1878532_B2,Schistosoma_mansoni__whole_male_from_single_sex_infection-sc-1878532,adult,whole_body,male,single_sex,single_sex,,1878532,1878532,B2,PRJEB14695,,ERR667067,PRJEB14695,PRJEB14695_parsed
SM_ADUL_WHOL_FEM_SING_SC1878536_B2,SM_ADUL_WHOL_FEM_SING_SC1878536_B2,Schistosoma_mansoni__whole_female_from_single_sex_infection-sc-1878536,adult,whole_body,female,single_sex,single_sex,,1878536,1878536,B2,PRJEB14695,,ERR667070,PRJEB14695,PRJEB14695_parsed
SM_ADUL_WHOL_FEM_SING_SC1878537_B2,SM_ADUL_WHOL_FEM_SING_SC1878537_B2,Schistosoma_mansoni__whole_female_from_single_sex_infection-sc-1878537,adult,whole_body,female,single_sex,single_sex,,1878537,1878537,B2,PRJEB14695,,ERR667071,PRJEB14695,PRJEB14695_parsed
SM_ADUL_OVAR_FEM_SING_SC1878515_B2,SM_ADUL_OVAR_FEM_SING_SC1878515_B2,Schistosoma_mansoni_ovaries__single_sex_infection-sc-1878515,adult,ovary,female,single_sex,single_sex,,1878515,1878515,B2,PRJEB14695,,ERR667073,PRJEB14695,PRJEB14695_parsed
SM_ADUL_OVAR_FEM_MIXS_SC1878517_B2,SM_ADUL_OVAR_FEM_MIXS_SC1878517_B2,Schistosoma_mansoni_ovaries__mixed_sex_infection-sc-1878517,adult,ovary,female,mixed_sex,mixed_sex,,1878517,1878517,B2,PRJEB14695,,ERR667075,PRJEB14695,PRJEB14695_parsed
SM_ADUL_TEST_MAL_MIXS_SC1878524_B2,SM_ADUL_TEST_MAL_MIXS_SC1878524_B2,Schistosoma_mansoni__testes_from_mixed_sex_infection-sc-1878524,adult,testis,male,mixed_sex,mixed_sex,,1878524,1878524,B2,PRJEB14695,,ERR667082,PRJEB14695,PRJEB14695_parsed
SM_ADUL_TEST_MAL_MIXS_SC1878525_B2,SM_ADUL_TEST_MAL_MIXS_SC1878525_B2,Schistosoma_mansoni__testes_from_mixed_sex_infection-sc-1878525,adult,testis,male,mixed_sex,mixed_sex,,1878525,1878525,B2,PRJEB14695,,ERR667083,PRJEB14695,PRJEB14695_parsed
SM_ADUL_WHOL_FEM_MIXS_SC1878527_B2,SM_ADUL_WHOL_FEM_MIXS_SC1878527_B2,Schistosoma_mansoni__whole_female_from_mixed_infection-sc-1878527,adult,whole_body,female,mixed_sex,mixed_sex,,1878527,1878527,B2,PRJEB14695,,ERR667085,PRJEB14695,PRJEB14695_parsed
SM_ADUL_WHOL_FEM_MIXS_SC1878528_B2,SM_ADUL_WHOL_FEM_MIXS_SC1878528_B2,Schistosoma_mansoni__whole_female_from_mixed_infection-sc-1878528,adult,whole_body,female,mixed_sex,mixed_sex,,1878528,1878528,B2,PRJEB14695,,ERR667086,PRJEB14695,PRJEB14695_parsed
SM_ADUL_WHOL_MAL_SING_SC1878530_B2,SM_ADUL_WHOL_MAL_SING_SC1878530_B2,Schistosoma_mansoni__whole_male_from_single_sex_infection-sc-1878530,adult,whole_body,male,single_sex,single_sex,,1878530,1878530,B2,PRJEB14695,,ERR667088,PRJEB14695,PRJEB14695_parsed
SM_ADUL_WHOL_MAL_MIXS_SC1878533_B2,SM_ADUL_WHOL_MAL_MIXS_SC1878533_B2,Schistosoma_mansoni__whole_male_from_mixed_sex_infection-sc-1878533,adult,whole_body,male,mixed_sex,mixed_sex,,1878533,1878533,B2,PRJEB14695,,ERR667090,PRJEB14695,PRJEB14695_parsed
SM_ADUL_OVAR_FEM_SING_SC1878515_B2,SM_ADUL_OVAR_FEM_SING_SC1878515_B2,Schistosoma_mansoni_ovaries__single_sex_infection-sc-1878515,adult,ovary,female,single_sex,single_sex,,1878515,1878515,B2,PRJEB14695,,ERR667097,PRJEB14695,PRJEB14695_parsed
SM_ADUL_OVAR_FEM_SING_SC1878516_B2,SM_ADUL_OVAR_FEM_SING_SC1878516_B2,Schistosoma_mansoni_ovaries__single_sex_infection-sc-1878516,adult,ovary,female,single_sex,single_sex,,1878516,1878516,B2,PRJEB14695,,ERR667098,PRJEB14695,PRJEB14695_parsed
SM_ADUL_OVAR_FEM_MIXS_SC1878519_B2,SM_ADUL_OVAR_FEM_MIXS_SC1878519_B2,Schistosoma_mansoni_ovaries__mixed_sex_infection-sc-1878519,adult,ovary,female,mixed_sex,mixed_sex,,1878519,1878519,B2,PRJEB14695,,ERR667101,PRJEB14695,PRJEB14695_parsed
SM_ADUL_TEST_MAL_SING_SC1878521_B2,SM_ADUL_TEST_MAL_SING_SC1878521_B2,Schistosoma_mansoni__testes_from_single_sex_infection-sc-1878521,adult,testis,male,single_sex,single_sex,,1878521,1878521,B2,PRJEB14695,,ERR667103,PRJEB14695,PRJEB14695_parsed
SM_ADUL_WHOL_FEM_MIXS_SC1878528_B2,SM_ADUL_WHOL_FEM_MIXS_SC1878528_B2,Schistosoma_mansoni__whole_female_from_mixed_infection-sc-1878528,adult,whole_body,female,mixed_sex,mixed_sex,,1878528,1878528,B2,PRJEB14695,,ERR667110,PRJEB14695,PRJEB14695_parsed
SM_ADUL_WHOL_FEM_SING_SC1878536_B2,SM_ADUL_WHOL_FEM_SING_SC1878536_B2,Schistosoma_mansoni__whole_female_from_single_sex_infection-sc-1878536,adult,whole_body,female,single_sex,single_sex,,1878536,1878536,B2,PRJEB14695,,ERR667118,PRJEB14695,PRJEB14695_parsed
SM_ADUL_OVAR_FEM_SING_SC1878516_B2,SM_ADUL_OVAR_FEM_SING_SC1878516_B2,Schistosoma_mansoni_ovaries__single_sex_infection-sc-1878516,adult,ovary,female,single_sex,single_sex,,1878516,1878516,B2,PRJEB14695,,ERR667122,PRJEB14695,PRJEB14695_parsed
SM_ADUL_TEST_MAL_MIXS_SC1878523_B2,SM_ADUL_TEST_MAL_MIXS_SC1878523_B2,Schistosoma_mansoni__testes_from_mixed_sex_infection-sc-1878523,adult,testis,male,mixed_sex,mixed_sex,,1878523,1878523,B2,PRJEB14695,,ERR667129,PRJEB14695,PRJEB14695_parsed
SM_ADUL_TEST_MAL_MIXS_SC1878524_B2,SM_ADUL_TEST_MAL_MIXS_SC1878524_B2,Schistosoma_mansoni__testes_from_mixed_sex_infection-sc-1878524,adult,testis,male,mixed_sex,mixed_sex,,1878524,1878524,B2,PRJEB14695,,ERR667130,PRJEB14695,PRJEB14695_parsed
SM_ADUL_TEST_MAL_MIXS_SC1878525_B2,SM_ADUL_TEST_MAL_MIXS_SC1878525_B2,Schistosoma_mansoni__testes_from_mixed_sex_infection-sc-1878525,adult,testis,male,mixed_sex,mixed_sex,,1878525,1878525,B2,PRJEB14695,,ERR667131,PRJEB14695,PRJEB14695_parsed
SM_ADUL_TEST_MAL_SING_SC1878529_B2,SM_ADUL_TEST_MAL_SING_SC1878529_B2,Schistosoma_mansoni__testes_from_single_sex_infection-sc-1878529,adult,testis,male,single_sex,single_sex,,1878529,1878529,B2,PRJEB14695,,ERR667135,PRJEB14695,PRJEB14695_parsed
SM_ADUL_WHOL_MAL_SING_SC1878531_B2,SM_ADUL_WHOL_MAL_SING_SC1878531_B2,Schistosoma_mansoni__whole_male_from_single_sex_infection-sc-1878531,adult,whole_body,male,single_sex,single_sex,,1878531,1878531,B2,PRJEB14695,,ERR667137,PRJEB14695,PRJEB14695_parsed
SM_ADUL_WHOL_MAL_MIXS_SC1878533_B2,SM_ADUL_WHOL_MAL_MIXS_SC1878533_B2,Schistosoma_mansoni__whole_male_from_mixed_sex_infection-sc-1878533,adult,whole_body,male,mixed_sex,mixed_sex,,1878533,1878533,B2,PRJEB14695,,ERR667138,PRJEB14695,PRJEB14695_parsed
SM_ADUL_WHOL_MAL_SING_SC1878532_B2,SM_ADUL_WHOL_MAL_SING_SC1878532_B2,Schistosoma_mansoni__whole_male_from_single_sex_infection-sc-1878532,adult,whole_body,male,single_sex,single_sex,,1878532,1878532,B2,PRJEB14695,,ERR667139,PRJEB14695,PRJEB14695_parsed
SM_ADUL_WHOL_FEM_SING_SC1878537_B2,SM_ADUL_WHOL_FEM_SING_SC1878537_B2,Schistosoma_mansoni__whole_female_from_single_sex_infection-sc-1878537,adult,whole_body,female,single_sex,single_sex,,1878537,1878537,B2,PRJEB14695,,ERR667143,PRJEB14695,PRJEB14695_parsed
SM_ADUL_OVAR_FEM_MIXS_SC1878517_B2,SM_ADUL_OVAR_FEM_MIXS_SC1878517_B2,Schistosoma_mansoni_ovaries__mixed_sex_infection-sc-1878517,adult,ovary,female,mixed_sex,mixed_sex,,1878517,1878517,B2,PRJEB14695,,ERR506073,PRJEB14695,PRJEB14695_parsed
SM_ADUL_WHOL_FEM_MIXS_SC1878520_B2,SM_ADUL_WHOL_FEM_MIXS_SC1878520_B2,Schistosoma_mansoni__whole_female_from_mixed_infection-sc-1878520,adult,whole_body,female,mixed_sex,mixed_sex,,1878520,1878520,B2,PRJEB14695,,ERR506076,PRJEB14695,PRJEB14695_parsed
SM_ADUL_TEST_MAL_SING_SC1878521_B2,SM_ADUL_TEST_MAL_SING_SC1878521_B2,Schistosoma_mansoni__testes_from_single_sex_infection-sc-1878521,adult,testis,male,single_sex,single_sex,,1878521,1878521,B2,PRJEB14695,,ERR506077,PRJEB14695,PRJEB14695_parsed
SM_ADUL_WHOL_MAL_MIXS_SC1878526_B2,SM_ADUL_WHOL_MAL_MIXS_SC1878526_B2,Schistosoma_mansoni__whole_male_from_mixed_sex_infection-sc-1878526,adult,whole_body,male,mixed_sex,mixed_sex,,1878526,1878526,B2,PRJEB14695,,ERR506082,PRJEB14695,PRJEB14695_parsed
SM_ADUL_WHOL_FEM_SING_SC1878535_B2,SM_ADUL_WHOL_FEM_SING_SC1878535_B2,Schistosoma_mansoni__whole_female_from_single_sex_infection-sc-1878535,adult,whole_body,female,single_sex,single_sex,,1878535,1878535,B2,PRJEB14695,,ERR506091,PRJEB14695,PRJEB14695_parsed
SM_ADUL_WHOL_FEM_SING_SC1878536_B2,SM_ADUL_WHOL_FEM_SING_SC1878536_B2,Schistosoma_mansoni__whole_female_from_single_sex_infection-sc-1878536,adult,whole_body,female,single_sex,single_sex,,1878536,1878536,B2,PRJEB14695,,ERR506092,PRJEB14695,PRJEB14695_parsed
SM_ADUL_OVAR_FEM_MIXS_SC1878517_B2,SM_ADUL_OVAR_FEM_MIXS_SC1878517_B2,Schistosoma_mansoni_ovaries__mixed_sex_infection-sc-1878517,adult,ovary,female,mixed_sex,mixed_sex,,1878517,1878517,B2,PRJEB14695,,ERR506097,PRJEB14695,PRJEB14695_parsed
SM_ADUL_TEST_MAL_MIXS_SC1878525_B2,SM_ADUL_TEST_MAL_MIXS_SC1878525_B2,Schistosoma_mansoni__testes_from_mixed_sex_infection-sc-1878525,adult,testis,male,mixed_sex,mixed_sex,,1878525,1878525,B2,PRJEB14695,,ERR506105,PRJEB14695,PRJEB14695_parsed
SM_ADUL_WHOL_MAL_MIXS_SC1878526_B2,SM_ADUL_WHOL_MAL_MIXS_SC1878526_B2,Schistosoma_mansoni__whole_male_from_mixed_sex_infection-sc-1878526,adult,whole_body,male,mixed_sex,mixed_sex,,1878526,1878526,B2,PRJEB14695,,ERR506106,PRJEB14695,PRJEB14695_parsed
SM_ADUL_WHOL_FEM_MIXS_SC1878528_B2,SM_ADUL_WHOL_FEM_MIXS_SC1878528_B2,Schistosoma_mansoni__whole_female_from_mixed_infection-sc-1878528,adult,whole_body,female,mixed_sex,mixed_sex,,1878528,1878528,B2,PRJEB14695,,ERR506108,PRJEB14695,PRJEB14695_parsed
SM_ADUL_WHOL_MAL_SING_SC1878531_B2,SM_ADUL_WHOL_MAL_SING_SC1878531_B2,Schistosoma_mansoni__whole_male_from_single_sex_infection-sc-1878531,adult,whole_body,male,single_sex,single_sex,,1878531,1878531,B2,PRJEB14695,,ERR506111,PRJEB14695,PRJEB14695_parsed
SM_ADUL_WHOL_FEM_SING_SC1878535_B2,SM_ADUL_WHOL_FEM_SING_SC1878535_B2,Schistosoma_mansoni__whole_female_from_single_sex_infection-sc-1878535,adult,whole_body,female,single_sex,single_sex,,1878535,1878535,B2,PRJEB14695,,ERR506115,PRJEB14695,PRJEB14695_parsed
SM_ADUL_WHOL_FEM_SING_SC1878537_B2,SM_ADUL_WHOL_FEM_SING_SC1878537_B2,Schistosoma_mansoni__whole_female_from_single_sex_infection-sc-1878537,adult,whole_body,female,single_sex,single_sex,,1878537,1878537,B2,PRJEB14695,,ERR506117,PRJEB14695,PRJEB14695_parsed
SM_ADUL_OVAR_FEM_SING_SC1878515_B2,SM_ADUL_OVAR_FEM_SING_SC1878515_B2,Schistosoma_mansoni_ovaries__single_sex_infection-sc-1878515,adult,ovary,female,single_sex,single_sex,,1878515,1878515,B2,PRJEB14695,,ERR667049,PRJEB14695,PRJEB14695_parsed
SM_ADUL_OVAR_FEM_MIXS_SC1878519_B2,SM_ADUL_OVAR_FEM_MIXS_SC1878519_B2,Schistosoma_mansoni_ovaries__mixed_sex_infection-sc-1878519,adult,ovary,female,mixed_sex,mixed_sex,,1878519,1878519,B2,PRJEB14695,,ERR667053,PRJEB14695,PRJEB14695_parsed
SM_ADUL_TEST_MAL_SING_SC1878522_B2,SM_ADUL_TEST_MAL_SING_SC1878522_B2,Schistosoma_mansoni__testes_from_single_sex_infection-sc-1878522,adult,testis,male,single_sex,single_sex,,1878522,1878522,B2,PRJEB14695,,ERR667056,PRJEB14695,PRJEB14695_parsed
SM_ADUL_WHOL_MAL_MIXS_SC1878526_B2,SM_ADUL_WHOL_MAL_MIXS_SC1878526_B2,Schistosoma_mansoni__whole_male_from_mixed_sex_infection-sc-1878526,adult,whole_body,male,mixed_sex,mixed_sex,,1878526,1878526,B2,PRJEB14695,,ERR667060,PRJEB14695,PRJEB14695_parsed
SM_ADUL_WHOL_FEM_MIXS_SC1878527_B2,SM_ADUL_WHOL_FEM_MIXS_SC1878527_B2,Schistosoma_mansoni__whole_female_from_mixed_infection-sc-1878527,adult,whole_body,female,mixed_sex,mixed_sex,,1878527,1878527,B2,PRJEB14695,,ERR667061,PRJEB14695,PRJEB14695_parsed
SM_ADUL_WHOL_MAL_SING_SC1878531_B2,SM_ADUL_WHOL_MAL_SING_SC1878531_B2,Schistosoma_mansoni__whole_male_from_single_sex_infection-sc-1878531,adult,whole_body,male,single_sex,single_sex,,1878531,1878531,B2,PRJEB14695,,ERR667065,PRJEB14695,PRJEB14695_parsed
SM_ADUL_OVAR_FEM_MIXS_SC1878518_B2,SM_ADUL_OVAR_FEM_MIXS_SC1878518_B2,Schistosoma_mansoni_ovaries__mixed_sex_infection-sc-1878518,adult,ovary,female,mixed_sex,mixed_sex,,1878518,1878518,B2,PRJEB14695,,ERR667076,PRJEB14695,PRJEB14695_parsed
SM_ADUL_OVAR_FEM_MIXS_SC1878519_B2,SM_ADUL_OVAR_FEM_MIXS_SC1878519_B2,Schistosoma_mansoni_ovaries__mixed_sex_infection-sc-1878519,adult,ovary,female,mixed_sex,mixed_sex,,1878519,1878519,B2,PRJEB14695,,ERR667077,PRJEB14695,PRJEB14695_parsed
SM_ADUL_TEST_MAL_SING_SC1878529_B2,SM_ADUL_TEST_MAL_SING_SC1878529_B2,Schistosoma_mansoni__testes_from_single_sex_infection-sc-1878529,adult,testis,male,single_sex,single_sex,,1878529,1878529,B2,PRJEB14695,,ERR667087,PRJEB14695,PRJEB14695_parsed
SM_ADUL_WHOL_MAL_SING_SC1878531_B2,SM_ADUL_WHOL_MAL_SING_SC1878531_B2,Schistosoma_mansoni__whole_male_from_single_sex_infection-sc-1878531,adult,whole_body,male,single_sex,single_sex,,1878531,1878531,B2,PRJEB14695,,ERR667089,PRJEB14695,PRJEB14695_parsed
SM_ADUL_WHOL_MAL_SING_SC1878532_B2,SM_ADUL_WHOL_MAL_SING_SC1878532_B2,Schistosoma_mansoni__whole_male_from_single_sex_infection-sc-1878532,adult,whole_body,male,single_sex,single_sex,,1878532,1878532,B2,PRJEB14695,,ERR667091,PRJEB14695,PRJEB14695_parsed
SM_ADUL_WHOL_MAL_MIXS_SC1878534_B2,SM_ADUL_WHOL_MAL_MIXS_SC1878534_B2,Schistosoma_mansoni__whole_male_from_mixed_sex_infection-sc-1878534,adult,whole_body,male,mixed_sex,mixed_sex,,1878534,1878534,B2,PRJEB14695,,ERR667092,PRJEB14695,PRJEB14695_parsed
SM_ADUL_WHOL_FEM_SING_SC1878536_B2,SM_ADUL_WHOL_FEM_SING_SC1878536_B2,Schistosoma_mansoni__whole_female_from_single_sex_infection-sc-1878536,adult,whole_body,female,single_sex,single_sex,,1878536,1878536,B2,PRJEB14695,,ERR667094,PRJEB14695,PRJEB14695_parsed
SM_ADUL_OVAR_FEM_MIXS_SC1878517_B2,SM_ADUL_OVAR_FEM_MIXS_SC1878517_B2,Schistosoma_mansoni_ovaries__mixed_sex_infection-sc-1878517,adult,ovary,female,mixed_sex,mixed_sex,,1878517,1878517,B2,PRJEB14695,,ERR667099,PRJEB14695,PRJEB14695_parsed
SM_ADUL_OVAR_FEM_MIXS_SC1878518_B2,SM_ADUL_OVAR_FEM_MIXS_SC1878518_B2,Schistosoma_mansoni_ovaries__mixed_sex_infection-sc-1878518,adult,ovary,female,mixed_sex,mixed_sex,,1878518,1878518,B2,PRJEB14695,,ERR667100,PRJEB14695,PRJEB14695_parsed
SM_ADUL_WHOL_FEM_MIXS_SC1878520_B2,SM_ADUL_WHOL_FEM_MIXS_SC1878520_B2,Schistosoma_mansoni__whole_female_from_mixed_infection-sc-1878520,adult,whole_body,female,mixed_sex,mixed_sex,,1878520,1878520,B2,PRJEB14695,,ERR667102,PRJEB14695,PRJEB14695_parsed
SM_ADUL_TEST_MAL_SING_SC1878522_B2,SM_ADUL_TEST_MAL_SING_SC1878522_B2,Schistosoma_mansoni__testes_from_single_sex_infection-sc-1878522,adult,testis,male,single_sex,single_sex,,1878522,1878522,B2,PRJEB14695,,ERR667104,PRJEB14695,PRJEB14695_parsed
SM_ADUL_TEST_MAL_MIXS_SC1878523_B2,SM_ADUL_TEST_MAL_MIXS_SC1878523_B2,Schistosoma_mansoni__testes_from_mixed_sex_infection-sc-1878523,adult,testis,male,mixed_sex,mixed_sex,,1878523,1878523,B2,PRJEB14695,,ERR667105,PRJEB14695,PRJEB14695_parsed
SM_ADUL_WHOL_MAL_MIXS_SC1878526_B2,SM_ADUL_WHOL_MAL_MIXS_SC1878526_B2,Schistosoma_mansoni__whole_male_from_mixed_sex_infection-sc-1878526,adult,whole_body,male,mixed_sex,mixed_sex,,1878526,1878526,B2,PRJEB14695,,ERR667108,PRJEB14695,PRJEB14695_parsed
SM_ADUL_WHOL_FEM_MIXS_SC1878527_B2,SM_ADUL_WHOL_FEM_MIXS_SC1878527_B2,Schistosoma_mansoni__whole_female_from_mixed_infection-sc-1878527,adult,whole_body,female,mixed_sex,mixed_sex,,1878527,1878527,B2,PRJEB14695,,ERR667109,PRJEB14695,PRJEB14695_parsed
SM_ADUL_TEST_MAL_SING_SC1878529_B2,SM_ADUL_TEST_MAL_SING_SC1878529_B2,Schistosoma_mansoni__testes_from_single_sex_infection-sc-1878529,adult,testis,male,single_sex,single_sex,,1878529,1878529,B2,PRJEB14695,,ERR667111,PRJEB14695,PRJEB14695_parsed
SM_ADUL_WHOL_MAL_MIXS_SC1878534_B2,SM_ADUL_WHOL_MAL_MIXS_SC1878534_B2,Schistosoma_mansoni__whole_male_from_mixed_sex_infection-sc-1878534,adult,whole_body,male,mixed_sex,mixed_sex,,1878534,1878534,B2,PRJEB14695,,ERR667116,PRJEB14695,PRJEB14695_parsed
SM_ADUL_WHOL_FEM_SING_SC1878535_B2,SM_ADUL_WHOL_FEM_SING_SC1878535_B2,Schistosoma_mansoni__whole_female_from_single_sex_infection-sc-1878535,adult,whole_body,female,single_sex,single_sex,,1878535,1878535,B2,PRJEB14695,,ERR667117,PRJEB14695,PRJEB14695_parsed
SM_ADUL_WHOL_FEM_SING_SC1878537_B2,SM_ADUL_WHOL_FEM_SING_SC1878537_B2,Schistosoma_mansoni__whole_female_from_single_sex_infection-sc-1878537,adult,whole_body,female,single_sex,single_sex,,1878537,1878537,B2,PRJEB14695,,ERR667119,PRJEB14695,PRJEB14695_parsed
SM_ADUL_OVAR_FEM_SING_SC1878515_B2,SM_ADUL_OVAR_FEM_SING_SC1878515_B2,Schistosoma_mansoni_ovaries__single_sex_infection-sc-1878515,adult,ovary,female,single_sex,single_sex,,1878515,1878515,B2,PRJEB14695,,ERR667121,PRJEB14695,PRJEB14695_parsed
SM_ADUL_OVAR_FEM_MIXS_SC1878517_B2,SM_ADUL_OVAR_FEM_MIXS_SC1878517_B2,Schistosoma_mansoni_ovaries__mixed_sex_infection-sc-1878517,adult,ovary,female,mixed_sex,mixed_sex,,1878517,1878517,B2,PRJEB14695,,ERR667123,PRJEB14695,PRJEB14695_parsed
SM_ADUL_OVAR_FEM_MIXS_SC1878518_B2,SM_ADUL_OVAR_FEM_MIXS_SC1878518_B2,Schistosoma_mansoni_ovaries__mixed_sex_infection-sc-1878518,adult,ovary,female,mixed_sex,mixed_sex,,1878518,1878518,B2,PRJEB14695,,ERR667124,PRJEB14695,PRJEB14695_parsed
SM_ADUL_WHOL_FEM_MIXS_SC1878520_B2,SM_ADUL_WHOL_FEM_MIXS_SC1878520_B2,Schistosoma_mansoni__whole_female_from_mixed_infection-sc-1878520,adult,whole_body,female,mixed_sex,mixed_sex,,1878520,1878520,B2,PRJEB14695,,ERR667126,PRJEB14695,PRJEB14695_parsed
SM_ADUL_TEST_MAL_SING_SC1878522_B2,SM_ADUL_TEST_MAL_SING_SC1878522_B2,Schistosoma_mansoni__testes_from_single_sex_infection-sc-1878522,adult,testis,male,single_sex,single_sex,,1878522,1878522,B2,PRJEB14695,,ERR667128,PRJEB14695,PRJEB14695_parsed
SM_ADUL_WHOL_MAL_MIXS_SC1878526_B2,SM_ADUL_WHOL_MAL_MIXS_SC1878526_B2,Schistosoma_mansoni__whole_male_from_mixed_sex_infection-sc-1878526,adult,whole_body,male,mixed_sex,mixed_sex,,1878526,1878526,B2,PRJEB14695,,ERR667132,PRJEB14695,PRJEB14695_parsed
SM_ADUL_WHOL_MAL_SING_SC1878530_B2,SM_ADUL_WHOL_MAL_SING_SC1878530_B2,Schistosoma_mansoni__whole_male_from_single_sex_infection-sc-1878530,adult,whole_body,male,single_sex,single_sex,,1878530,1878530,B2,PRJEB14695,,ERR667136,PRJEB14695,PRJEB14695_parsed
SM_ADUL_WHOL_FEM_SING_SC1878535_B2,SM_ADUL_WHOL_FEM_SING_SC1878535_B2,Schistosoma_mansoni__whole_female_from_single_sex_infection-sc-1878535,adult,whole_body,female,single_sex,single_sex,,1878535,1878535,B2,PRJEB14695,,ERR667141,PRJEB14695,PRJEB14695_parsed
SM_ADUL_OVAR_FEM_SING_SC1878515_B2,SM_ADUL_OVAR_FEM_SING_SC1878515_B2,Schistosoma_mansoni_ovaries__single_sex_infection-sc-1878515,adult,ovary,female,single_sex,single_sex,,1878515,1878515,B2,PRJEB14695,,ERR506071,PRJEB14695,PRJEB14695_parsed
SM_ADUL_OVAR_FEM_SING_SC1878516_B2,SM_ADUL_OVAR_FEM_SING_SC1878516_B2,Schistosoma_mansoni_ovaries__single_sex_infection-sc-1878516,adult,ovary,female,single_sex,single_sex,,1878516,1878516,B2,PRJEB14695,,ERR506072,PRJEB14695,PRJEB14695_parsed
SM_ADUL_OVAR_FEM_MIXS_SC1878519_B2,SM_ADUL_OVAR_FEM_MIXS_SC1878519_B2,Schistosoma_mansoni_ovaries__mixed_sex_infection-sc-1878519,adult,ovary,female,mixed_sex,mixed_sex,,1878519,1878519,B2,PRJEB14695,,ERR506075,PRJEB14695,PRJEB14695_parsed
SM_ADUL_TEST_MAL_MIXS_SC1878525_B2,SM_ADUL_TEST_MAL_MIXS_SC1878525_B2,Schistosoma_mansoni__testes_from_mixed_sex_infection-sc-1878525,adult,testis,male,mixed_sex,mixed_sex,,1878525,1878525,B2,PRJEB14695,,ERR506081,PRJEB14695,PRJEB14695_parsed
SM_ADUL_WHOL_FEM_MIXS_SC1878528_B2,SM_ADUL_WHOL_FEM_MIXS_SC1878528_B2,Schistosoma_mansoni__whole_female_from_mixed_infection-sc-1878528,adult,whole_body,female,mixed_sex,mixed_sex,,1878528,1878528,B2,PRJEB14695,,ERR506084,PRJEB14695,PRJEB14695_parsed
SM_ADUL_TEST_MAL_SING_SC1878529_B2,SM_ADUL_TEST_MAL_SING_SC1878529_B2,Schistosoma_mansoni__testes_from_single_sex_infection-sc-1878529,adult,testis,male,single_sex,single_sex,,1878529,1878529,B2,PRJEB14695,,ERR506085,PRJEB14695,PRJEB14695_parsed
SM_ADUL_WHOL_MAL_SING_SC1878530_B2,SM_ADUL_WHOL_MAL_SING_SC1878530_B2,Schistosoma_mansoni__whole_male_from_single_sex_infection-sc-1878530,adult,whole_body,male,single_sex,single_sex,,1878530,1878530,B2,PRJEB14695,,ERR506086,PRJEB14695,PRJEB14695_parsed
SM_ADUL_WHOL_MAL_SING_SC1878531_B2,SM_ADUL_WHOL_MAL_SING_SC1878531_B2,Schistosoma_mansoni__whole_male_from_single_sex_infection-sc-1878531,adult,whole_body,male,single_sex,single_sex,,1878531,1878531,B2,PRJEB14695,,ERR506087,PRJEB14695,PRJEB14695_parsed
SM_ADUL_WHOL_MAL_SING_SC1878532_B2,SM_ADUL_WHOL_MAL_SING_SC1878532_B2,Schistosoma_mansoni__whole_male_from_single_sex_infection-sc-1878532,adult,whole_body,male,single_sex,single_sex,,1878532,1878532,B2,PRJEB14695,,ERR506089,PRJEB14695,PRJEB14695_parsed
SM_ADUL_WHOL_FEM_SING_SC1878537_B2,SM_ADUL_WHOL_FEM_SING_SC1878537_B2,Schistosoma_mansoni__whole_female_from_single_sex_infection-sc-1878537,adult,whole_body,female,single_sex,single_sex,,1878537,1878537,B2,PRJEB14695,,ERR506093,PRJEB14695,PRJEB14695_parsed
SM_ADUL_OVAR_FEM_SING_SC1878515_B2,SM_ADUL_OVAR_FEM_SING_SC1878515_B2,Schistosoma_mansoni_ovaries__single_sex_infection-sc-1878515,adult,ovary,female,single_sex,single_sex,,1878515,1878515,B2,PRJEB14695,,ERR506095,PRJEB14695,PRJEB14695_parsed
SM_ADUL_OVAR_FEM_MIXS_SC1878519_B2,SM_ADUL_OVAR_FEM_MIXS_SC1878519_B2,Schistosoma_mansoni_ovaries__mixed_sex_infection-sc-1878519,adult,ovary,female,mixed_sex,mixed_sex,,1878519,1878519,B2,PRJEB14695,,ERR506099,PRJEB14695,PRJEB14695_parsed
SM_ADUL_WHOL_FEM_MIXS_SC1878520_B2,SM_ADUL_WHOL_FEM_MIXS_SC1878520_B2,Schistosoma_mansoni__whole_female_from_mixed_infection-sc-1878520,adult,whole_body,female,mixed_sex,mixed_sex,,1878520,1878520,B2,PRJEB14695,,ERR506100,PRJEB14695,PRJEB14695_parsed
SM_ADUL_TEST_MAL_SING_SC1878521_B2,SM_ADUL_TEST_MAL_SING_SC1878521_B2,Schistosoma_mansoni__testes_from_single_sex_infection-sc-1878521,adult,testis,male,single_sex,single_sex,,1878521,1878521,B2,PRJEB14695,,ERR506101,PRJEB14695,PRJEB14695_parsed
SM_ADUL_TEST_MAL_SING_SC1878522_B2,SM_ADUL_TEST_MAL_SING_SC1878522_B2,Schistosoma_mansoni__testes_from_single_sex_infection-sc-1878522,adult,testis,male,single_sex,single_sex,,1878522,1878522,B2,PRJEB14695,,ERR506102,PRJEB14695,PRJEB14695_parsed
SM_ADUL_TEST_MAL_MIXS_SC1878523_B2,SM_ADUL_TEST_MAL_MIXS_SC1878523_B2,Schistosoma_mansoni__testes_from_mixed_sex_infection-sc-1878523,adult,testis,male,mixed_sex,mixed_sex,,1878523,1878523,B2,PRJEB14695,,ERR506103,PRJEB14695,PRJEB14695_parsed
SM_ADUL_TEST_MAL_MIXS_SC1878524_B2,SM_ADUL_TEST_MAL_MIXS_SC1878524_B2,Schistosoma_mansoni__testes_from_mixed_sex_infection-sc-1878524,adult,testis,male,mixed_sex,mixed_sex,,1878524,1878524,B2,PRJEB14695,,ERR506104,PRJEB14695,PRJEB14695_parsed
SM_ADUL_WHOL_FEM_MIXS_SC1878527_B2,SM_ADUL_WHOL_FEM_MIXS_SC1878527_B2,Schistosoma_mansoni__whole_female_from_mixed_infection-sc-1878527,adult,whole_body,female,mixed_sex,mixed_sex,,1878527,1878527,B2,PRJEB14695,,ERR506107,PRJEB14695,PRJEB14695_parsed
SM_ADUL_TEST_MAL_SING_SC1878529_B2,SM_ADUL_TEST_MAL_SING_SC1878529_B2,Schistosoma_mansoni__testes_from_single_sex_infection-sc-1878529,adult,testis,male,single_sex,single_sex,,1878529,1878529,B2,PRJEB14695,,ERR506109,PRJEB14695,PRJEB14695_parsed
SM_ADUL_WHOL_MAL_SING_SC1878530_B2,SM_ADUL_WHOL_MAL_SING_SC1878530_B2,Schistosoma_mansoni__whole_male_from_single_sex_infection-sc-1878530,adult,whole_body,male,single_sex,single_sex,,1878530,1878530,B2,PRJEB14695,,ERR506110,PRJEB14695,PRJEB14695_parsed
SM_ADUL_WHOL_MAL_SING_SC1878532_B2,SM_ADUL_WHOL_MAL_SING_SC1878532_B2,Schistosoma_mansoni__whole_male_from_single_sex_infection-sc-1878532,adult,whole_body,male,single_sex,single_sex,,1878532,1878532,B2,PRJEB14695,,ERR506113,PRJEB14695,PRJEB14695_parsed
SM_ADUL_WHOL_MAL_MIXS_SC1878534_B2,SM_ADUL_WHOL_MAL_MIXS_SC1878534_B2,Schistosoma_mansoni__whole_male_from_mixed_sex_infection-sc-1878534,adult,whole_body,male,mixed_sex,mixed_sex,,1878534,1878534,B2,PRJEB14695,,ERR506114,PRJEB14695,PRJEB14695_parsed
SM_ADUL_WHOL_FEM_SING_SC1878536_B2,SM_ADUL_WHOL_FEM_SING_SC1878536_B2,Schistosoma_mansoni__whole_female_from_single_sex_infection-sc-1878536,adult,whole_body,female,single_sex,single_sex,,1878536,1878536,B2,PRJEB14695,,ERR506116,PRJEB14695,PRJEB14695_parsed
SM_ADUL_WHOL_FEM_MIXS_SC1878520_B2,SM_ADUL_WHOL_FEM_MIXS_SC1878520_B2,Schistosoma_mansoni__whole_female_from_mixed_infection-sc-1878520,adult,whole_body,female,mixed_sex,mixed_sex,,1878520,1878520,B2,PRJEB14695,,ERR667054,PRJEB14695,PRJEB14695_parsed
SM_ADUL_TEST_MAL_SING_SC1878521_B2,SM_ADUL_TEST_MAL_SING_SC1878521_B2,Schistosoma_mansoni__testes_from_single_sex_infection-sc-1878521,adult,testis,male,single_sex,single_sex,,1878521,1878521,B2,PRJEB14695,,ERR667055,PRJEB14695,PRJEB14695_parsed
SM_ADUL_TEST_MAL_MIXS_SC1878525_B2,SM_ADUL_TEST_MAL_MIXS_SC1878525_B2,Schistosoma_mansoni__testes_from_mixed_sex_infection-sc-1878525,adult,testis,male,mixed_sex,mixed_sex,,1878525,1878525,B2,PRJEB14695,,ERR667059,PRJEB14695,PRJEB14695_parsed
SM_ADUL_TEST_MAL_SING_SC1878529_B2,SM_ADUL_TEST_MAL_SING_SC1878529_B2,Schistosoma_mansoni__testes_from_single_sex_infection-sc-1878529,adult,testis,male,single_sex,single_sex,,1878529,1878529,B2,PRJEB14695,,ERR667063,PRJEB14695,PRJEB14695_parsed
SM_ADUL_WHOL_MAL_SING_SC1878530_B2,SM_ADUL_WHOL_MAL_SING_SC1878530_B2,Schistosoma_mansoni__whole_male_from_single_sex_infection-sc-1878530,adult,whole_body,male,single_sex,single_sex,,1878530,1878530,B2,PRJEB14695,,ERR667064,PRJEB14695,PRJEB14695_parsed
SM_ADUL_WHOL_MAL_MIXS_SC1878533_B2,SM_ADUL_WHOL_MAL_MIXS_SC1878533_B2,Schistosoma_mansoni__whole_male_from_mixed_sex_infection-sc-1878533,adult,whole_body,male,mixed_sex,mixed_sex,,1878533,1878533,B2,PRJEB14695,,ERR667066,PRJEB14695,PRJEB14695_parsed
SM_ADUL_WHOL_MAL_MIXS_SC1878534_B2,SM_ADUL_WHOL_MAL_MIXS_SC1878534_B2,Schistosoma_mansoni__whole_male_from_mixed_sex_infection-sc-1878534,adult,whole_body,male,mixed_sex,mixed_sex,,1878534,1878534,B2,PRJEB14695,,ERR667068,PRJEB14695,PRJEB14695_parsed
SM_ADUL_WHOL_FEM_SING_SC1878535_B2,SM_ADUL_WHOL_FEM_SING_SC1878535_B2,Schistosoma_mansoni__whole_female_from_single_sex_infection-sc-1878535,adult,whole_body,female,single_sex,single_sex,,1878535,1878535,B2,PRJEB14695,,ERR667069,PRJEB14695,PRJEB14695_parsed
SM_ADUL_OVAR_FEM_SING_SC1878516_B2,SM_ADUL_OVAR_FEM_SING_SC1878516_B2,Schistosoma_mansoni_ovaries__single_sex_infection-sc-1878516,adult,ovary,female,single_sex,single_sex,,1878516,1878516,B2,PRJEB14695,,ERR667074,PRJEB14695,PRJEB14695_parsed
SM_ADUL_WHOL_FEM_MIXS_SC1878520_B2,SM_ADUL_WHOL_FEM_MIXS_SC1878520_B2,Schistosoma_mansoni__whole_female_from_mixed_infection-sc-1878520,adult,whole_body,female,mixed_sex,mixed_sex,,1878520,1878520,B2,PRJEB14695,,ERR667078,PRJEB14695,PRJEB14695_parsed
SM_ADUL_TEST_MAL_SING_SC1878521_B2,SM_ADUL_TEST_MAL_SING_SC1878521_B2,Schistosoma_mansoni__testes_from_single_sex_infection-sc-1878521,adult,testis,male,single_sex,single_sex,,1878521,1878521,B2,PRJEB14695,,ERR667079,PRJEB14695,PRJEB14695_parsed
SM_ADUL_TEST_MAL_SING_SC1878522_B2,SM_ADUL_TEST_MAL_SING_SC1878522_B2,Schistosoma_mansoni__testes_from_single_sex_infection-sc-1878522,adult,testis,male,single_sex,single_sex,,1878522,1878522,B2,PRJEB14695,,ERR667080,PRJEB14695,PRJEB14695_parsed
SM_ADUL_TEST_MAL_MIXS_SC1878523_B2,SM_ADUL_TEST_MAL_MIXS_SC1878523_B2,Schistosoma_mansoni__testes_from_mixed_sex_infection-sc-1878523,adult,testis,male,mixed_sex,mixed_sex,,1878523,1878523,B2,PRJEB14695,,ERR667081,PRJEB14695,PRJEB14695_parsed
SM_ADUL_WHOL_MAL_MIXS_SC1878526_B2,SM_ADUL_WHOL_MAL_MIXS_SC1878526_B2,Schistosoma_mansoni__whole_male_from_mixed_sex_infection-sc-1878526,adult,whole_body,male,mixed_sex,mixed_sex,,1878526,1878526,B2,PRJEB14695,,ERR667084,PRJEB14695,PRJEB14695_parsed
SM_ADUL_WHOL_FEM_SING_SC1878535_B2,SM_ADUL_WHOL_FEM_SING_SC1878535_B2,Schistosoma_mansoni__whole_female_from_single_sex_infection-sc-1878535,adult,whole_body,female,single_sex,single_sex,,1878535,1878535,B2,PRJEB14695,,ERR667093,PRJEB14695,PRJEB14695_parsed
SM_ADUL_WHOL_FEM_SING_SC1878537_B2,SM_ADUL_WHOL_FEM_SING_SC1878537_B2,Schistosoma_mansoni__whole_female_from_single_sex_infection-sc-1878537,adult,whole_body,female,single_sex,single_sex,,1878537,1878537,B2,PRJEB14695,,ERR667095,PRJEB14695,PRJEB14695_parsed
SM_ADUL_TEST_MAL_MIXS_SC1878524_B2,SM_ADUL_TEST_MAL_MIXS_SC1878524_B2,Schistosoma_mansoni__testes_from_mixed_sex_infection-sc-1878524,adult,testis,male,mixed_sex,mixed_sex,,1878524,1878524,B2,PRJEB14695,,ERR667106,PRJEB14695,PRJEB14695_parsed
SM_ADUL_TEST_MAL_MIXS_SC1878525_B2,SM_ADUL_TEST_MAL_MIXS_SC1878525_B2,Schistosoma_mansoni__testes_from_mixed_sex_infection-sc-1878525,adult,testis,male,mixed_sex,mixed_sex,,1878525,1878525,B2,PRJEB14695,,ERR667107,PRJEB14695,PRJEB14695_parsed
SM_ADUL_WHOL_MAL_SING_SC1878530_B2,SM_ADUL_WHOL_MAL_SING_SC1878530_B2,Schistosoma_mansoni__whole_male_from_single_sex_infection-sc-1878530,adult,whole_body,male,single_sex,single_sex,,1878530,1878530,B2,PRJEB14695,,ERR667112,PRJEB14695,PRJEB14695_parsed
SM_ADUL_WHOL_MAL_SING_SC1878531_B2,SM_ADUL_WHOL_MAL_SING_SC1878531_B2,Schistosoma_mansoni__whole_male_from_single_sex_infection-sc-1878531,adult,whole_body,male,single_sex,single_sex,,1878531,1878531,B2,PRJEB14695,,ERR667113,PRJEB14695,PRJEB14695_parsed
SM_ADUL_WHOL_MAL_MIXS_SC1878533_B2,SM_ADUL_WHOL_MAL_MIXS_SC1878533_B2,Schistosoma_mansoni__whole_male_from_mixed_sex_infection-sc-1878533,adult,whole_body,male,mixed_sex,mixed_sex,,1878533,1878533,B2,PRJEB14695,,ERR667114,PRJEB14695,PRJEB14695_parsed
SM_ADUL_WHOL_MAL_SING_SC1878532_B2,SM_ADUL_WHOL_MAL_SING_SC1878532_B2,Schistosoma_mansoni__whole_male_from_single_sex_infection-sc-1878532,adult,whole_body,male,single_sex,single_sex,,1878532,1878532,B2,PRJEB14695,,ERR667115,PRJEB14695,PRJEB14695_parsed
SM_ADUL_OVAR_FEM_MIXS_SC1878519_B2,SM_ADUL_OVAR_FEM_MIXS_SC1878519_B2,Schistosoma_mansoni_ovaries__mixed_sex_infection-sc-1878519,adult,ovary,female,mixed_sex,mixed_sex,,1878519,1878519,B2,PRJEB14695,,ERR667125,PRJEB14695,PRJEB14695_parsed
SM_ADUL_TEST_MAL_SING_SC1878521_B2,SM_ADUL_TEST_MAL_SING_SC1878521_B2,Schistosoma_mansoni__testes_from_single_sex_infection-sc-1878521,adult,testis,male,single_sex,single_sex,,1878521,1878521,B2,PRJEB14695,,ERR667127,PRJEB14695,PRJEB14695_parsed
SM_ADUL_WHOL_FEM_MIXS_SC1878527_B2,SM_ADUL_WHOL_FEM_MIXS_SC1878527_B2,Schistosoma_mansoni__whole_female_from_mixed_infection-sc-1878527,adult,whole_body,female,mixed_sex,mixed_sex,,1878527,1878527,B2,PRJEB14695,,ERR667133,PRJEB14695,PRJEB14695_parsed
SM_ADUL_WHOL_FEM_MIXS_SC1878528_B2,SM_ADUL_WHOL_FEM_MIXS_SC1878528_B2,Schistosoma_mansoni__whole_female_from_mixed_infection-sc-1878528,adult,whole_body,female,mixed_sex,mixed_sex,,1878528,1878528,B2,PRJEB14695,,ERR667134,PRJEB14695,PRJEB14695_parsed
SM_ADUL_WHOL_MAL_MIXS_SC1878534_B2,SM_ADUL_WHOL_MAL_MIXS_SC1878534_B2,Schistosoma_mansoni__whole_male_from_mixed_sex_infection-sc-1878534,adult,whole_body,male,mixed_sex,mixed_sex,,1878534,1878534,B2,PRJEB14695,,ERR667140,PRJEB14695,PRJEB14695_parsed
SM_ADUL_WHOL_FEM_SING_SC1878536_B2,SM_ADUL_WHOL_FEM_SING_SC1878536_B2,Schistosoma_mansoni__whole_female_from_single_sex_infection-sc-1878536,adult,whole_body,female,single_sex,single_sex,,1878536,1878536,B2,PRJEB14695,,ERR667142,PRJEB14695,PRJEB14695_parsed
SM_SP05_MIX_UNKN_R2_B1,SM_SP05_MIX_UNKN_R2_B1,X_5d_Sporocysts_R2,sporocyst_5d,whole_organism,mixed,,unknown,in vitro,2,,B1,PRJEB32839,L1,ERR11178270,PRJEB32839,PRJEB32839_parsed
SM_CERC_MIX_UNKN_R5_B1,SM_CERC_MIX_UNKN_R5_B1,X_Cercariae_R5,cercariae,whole_organism,mixed,,unknown,"Free-living, water",5,,B1,PRJEB32839,L1,ERR11178275,PRJEB32839,PRJEB32839_parsed
SM_EGGS_MIX_UNKN_R2_B1,SM_EGGS_MIX_UNKN_R2_B1,X_Eggs_R2,eggs,whole_organism,mixed,,unknown,Intramammalian,2,,B1,PRJEB32839,L1,ERR11178276,PRJEB32839,PRJEB32839_parsed
SM_SCH2_MAL_UNKN_R3_B1,SM_SCH2_MAL_UNKN_R3_B1,M_2d_Somules_R3,schistosomula_2d,whole_organism,male,,unknown,in vitro,3,,B1,PRJEB32839,L1,ERR11178277,PRJEB32839,PRJEB32839_parsed
SM_SP32_MAL_UNKN_R1_B1,SM_SP32_MAL_UNKN_R1_B1,M_32d_Sporocysts_R1,sporocyst_32d,whole_organism,male,,unknown,Intramolluscan,1,,B1,PRJEB32839,L1,ERR11178282,PRJEB32839,PRJEB32839_parsed
SM_CERC_MAL_UNKN_R2_B1,SM_CERC_MAL_UNKN_R2_B1,M_Cercariae_R2,cercariae,whole_organism,male,,unknown,"Free-living, water",2,,B1,PRJEB32839,L1,ERR11178284,PRJEB32839,PRJEB32839_parsed
SM_EGGS_MIX_UNKN_R3_B1,SM_EGGS_MIX_UNKN_R3_B1,X_Eggs_R3,eggs,whole_organism,mixed,,unknown,Intramammalian,3,,B1,PRJEB32839,L1,ERR11178286,PRJEB32839,PRJEB32839_parsed
SM_SCH2_MAL_UNKN_R4_B1,SM_SCH2_MAL_UNKN_R4_B1,M_2d_Somules_R4,schistosomula_2d,whole_organism,male,,unknown,in vitro,4,,B1,PRJEB32839,L1,ERR11178287,PRJEB32839,PRJEB32839_parsed
SM_EGGS_MIX_UNKN_R4_B1,SM_EGGS_MIX_UNKN_R4_B1,X_Eggs_R4,eggs,whole_organism,mixed,,unknown,Intramammalian,4,,B1,PRJEB32839,L1,ERR11178295,PRJEB32839,PRJEB32839_parsed
SM_CERC_MAL_UNKN_R4_B1,SM_CERC_MAL_UNKN_R4_B1,M_Cercariae_R4,cercariae,whole_organism,male,,unknown,"Free-living, water",4,,B1,PRJEB32839,L1,ERR11178302,PRJEB32839,PRJEB32839_parsed
SM_SP01_MIX_UNKN_R3_B1,SM_SP01_MIX_UNKN_R3_B1,X_1d_Sporocysts_R3,sporocyst_1d,whole_organism,mixed,,unknown,in vitro,3,,B1,PRJEB32839,L1,ERR11178306,PRJEB32839,PRJEB32839_parsed
SM_AD26_MAL_UNKN_R1_B1,SM_AD26_MAL_UNKN_R1_B1,M_26d_Juveniles_R1,adult_26d,whole_organism,male,,unknown,Intramammalian,1,,B1,PRJEB32839,L1,ERR11178307,PRJEB32839,PRJEB32839_parsed
SM_SCH2_FEM_UNKN_R4_B1,SM_SCH2_FEM_UNKN_R4_B1,F_2d_Somules_R4,schistosomula_2d,whole_organism,female,,unknown,in vitro,4,,B1,PRJEB32839,L1,ERR11178312,PRJEB32839,PRJEB32839_parsed
SM_MIRA_MIX_UNKN_R1_B1,SM_MIRA_MIX_UNKN_R1_B1,X_Miracidia_R1,miracidium,whole_organism,mixed,,unknown,"Free-living, water",1,,B1,PRJEB32839,L1,ERR11178313,PRJEB32839,PRJEB32839_parsed
SM_AD26_MAL_UNKN_R2_B1,SM_AD26_MAL_UNKN_R2_B1,M_26d_Juveniles_R2,adult_26d,whole_organism,male,,unknown,Intramammalian,2,,B1,PRJEB32839,L1,ERR11178316,PRJEB32839,PRJEB32839_parsed
SM_SP32_FEM_UNKN_R2_B1,SM_SP32_FEM_UNKN_R2_B1,F_32d_Sporocysts_R2,sporocyst_32d,whole_organism,female,,unknown,Intramolluscan,2,,B1,PRJEB32839,L1,ERR11178317,PRJEB32839,PRJEB32839_parsed
SM_CERC_MIX_UNKN_R1_B1,SM_CERC_MIX_UNKN_R1_B1,X_Cercariae_R1,cercariae,whole_organism,mixed,,unknown,"Free-living, water",1,,B1,PRJEB32839,L1,ERR11178320,PRJEB32839,PRJEB32839_parsed
SM_SCH2_MIX_UNKN_R3_B1,SM_SCH2_MIX_UNKN_R3_B1,X_2d_Somules_R3,schistosomula_2d,whole_organism,mixed,,unknown,in vitro,3,,B1,PRJEB32839,L1,ERR11178323,PRJEB32839,PRJEB32839_parsed
SM_SP32_FEM_UNKN_R3_B1,SM_SP32_FEM_UNKN_R3_B1,F_32d_Sporocysts_R3,sporocyst_32d,whole_organism,female,,unknown,Intramolluscan,3,,B1,PRJEB32839,L1,ERR11178325,PRJEB32839,PRJEB32839_parsed
SM_CERC_MIX_UNKN_R2_B1,SM_CERC_MIX_UNKN_R2_B1,X_Cercariae_R2,cercariae,whole_organism,mixed,,unknown,"Free-living, water",2,,B1,PRJEB32839,L1,ERR11178328,PRJEB32839,PRJEB32839_parsed
SM_SP32_FEM_UNKN_R4_B1,SM_SP32_FEM_UNKN_R4_B1,F_32d_Sporocysts_R4,sporocyst_32d,whole_organism,female,,unknown,Intramolluscan,4,,B1,PRJEB32839,L1,ERR11178334,PRJEB32839,PRJEB32839_parsed
SM_SP32_MIX_UNKN_R5_B1,SM_SP32_MIX_UNKN_R5_B1,X_32d_Sporocysts_R5,sporocyst_32d,whole_organism,mixed,,unknown,Intramolluscan,5,,B1,PRJEB32839,L1,ERR11178342,PRJEB32839,PRJEB32839_parsed
SM_CERC_FEM_UNKN_R1_B1,SM_CERC_FEM_UNKN_R1_B1,F_Cercariae_R1,cercariae,whole_organism,female,,unknown,"Free-living, water",1,,B1,PRJEB32839,L1,ERR11178343,PRJEB32839,PRJEB32839_parsed
SM_CERC_FEM_UNKN_R3_B1,SM_CERC_FEM_UNKN_R3_B1,F_Cercariae_R3,cercariae,whole_organism,female,,unknown,"Free-living, water",3,,B1,PRJEB32839,L1,ERR11178349,PRJEB32839,PRJEB32839_parsed
SM_EGGS_MIX_UNKN_R1_B1,SM_EGGS_MIX_UNKN_R1_B1,X_Eggs_R1,eggs,whole_organism,mixed,,unknown,Intramammalian,1,,B1,PRJEB32839,L2,ERR11178356,PRJEB32839,PRJEB32839_parsed
SM_MIRA_MIX_UNKN_R5_B1,SM_MIRA_MIX_UNKN_R5_B1,X_Miracidia_R5,miracidium,whole_organism,mixed,,unknown,"Free-living, water",5,,B1,PRJEB32839,L2,ERR11178368,PRJEB32839,PRJEB32839_parsed
SM_SP32_MAL_UNKN_R1_B1,SM_SP32_MAL_UNKN_R1_B1,M_32d_Sporocysts_R1,sporocyst_32d,whole_organism,male,,unknown,Intramolluscan,1,,B1,PRJEB32839,L2,ERR11178372,PRJEB32839,PRJEB32839_parsed
SM_AD26_FEM_UNKN_R4_B1,SM_AD26_FEM_UNKN_R4_B1,F_26d_Juveniles_R4,adult_26d,whole_organism,female,,unknown,Intramammalian,4,,B1,PRJEB32839,L2,ERR11178379,PRJEB32839,PRJEB32839_parsed
SM_SCH2_MIX_UNKN_R5_B1,SM_SCH2_MIX_UNKN_R5_B1,X_2d_Somules_R5,schistosomula_2d,whole_organism,mixed,,unknown,in vitro,5,,B1,PRJEB32839,L2,ERR11178381,PRJEB32839,PRJEB32839_parsed
SM_EGGS_MIX_UNKN_R4_B1,SM_EGGS_MIX_UNKN_R4_B1,X_Eggs_R4,eggs,whole_organism,mixed,,unknown,Intramammalian,4,,B1,PRJEB32839,L2,ERR11178385,PRJEB32839,PRJEB32839_parsed
SM_SCH2_MAL_UNKN_R5_B1,SM_SCH2_MAL_UNKN_R5_B1,M_2d_Somules_R5,schistosomula_2d,whole_organism,male,,unknown,in vitro,5,,B1,PRJEB32839,L2,ERR11178386,PRJEB32839,PRJEB32839_parsed
SM_SP01_MIX_UNKN_R2_B1,SM_SP01_MIX_UNKN_R2_B1,X_1d_Sporocysts_R2,sporocyst_1d,whole_organism,mixed,,unknown,in vitro,2,,B1,PRJEB32839,L2,ERR11178387,PRJEB32839,PRJEB32839_parsed
SM_AD26_FEM_UNKN_R5_B1,SM_AD26_FEM_UNKN_R5_B1,F_26d_Juveniles_R5,adult_26d,whole_organism,female,,unknown,Intramammalian,5,,B1,PRJEB32839,L2,ERR11178388,PRJEB32839,PRJEB32839_parsed
SM_EGGS_MIX_UNKN_R5_B1,SM_EGGS_MIX_UNKN_R5_B1,X_Eggs_R5,eggs,whole_organism,mixed,,unknown,Intramammalian,5,,B1,PRJEB32839,L2,ERR11178394,PRJEB32839,PRJEB32839_parsed
SM_SCH2_MIX_UNKN_R1_B1,SM_SCH2_MIX_UNKN_R1_B1,X_2d_Somules_R1,schistosomula_2d,whole_organism,mixed,,unknown,in vitro,1,,B1,PRJEB32839,L2,ERR11178395,PRJEB32839,PRJEB32839_parsed
SM_SP01_MIX_UNKN_R3_B1,SM_SP01_MIX_UNKN_R3_B1,X_1d_Sporocysts_R3,sporocyst_1d,whole_organism,mixed,,unknown,in vitro,3,,B1,PRJEB32839,L2,ERR11178396,PRJEB32839,PRJEB32839_parsed
SM_SP32_MAL_UNKN_R4_B1,SM_SP32_MAL_UNKN_R4_B1,M_32d_Sporocysts_R4,sporocyst_32d,whole_organism,male,,unknown,Intramolluscan,4,,B1,PRJEB32839,L2,ERR11178400,PRJEB32839,PRJEB32839_parsed
SM_SCH2_FEM_UNKN_R4_B1,SM_SCH2_FEM_UNKN_R4_B1,F_2d_Somules_R4,schistosomula_2d,whole_organism,female,,unknown,in vitro,4,,B1,PRJEB32839,L2,ERR11178402,PRJEB32839,PRJEB32839_parsed
SM_MIRA_MIX_UNKN_R1_B1,SM_MIRA_MIX_UNKN_R1_B1,X_Miracidia_R1,miracidium,whole_organism,mixed,,unknown,"Free-living, water",1,,B1,PRJEB32839,L2,ERR11178403,PRJEB32839,PRJEB32839_parsed
SM_AD26_MAL_UNKN_R2_B1,SM_AD26_MAL_UNKN_R2_B1,M_26d_Juveniles_R2,adult_26d,whole_organism,male,,unknown,Intramammalian,2,,B1,PRJEB32839,L2,ERR11178406,PRJEB32839,PRJEB32839_parsed
SM_SP32_FEM_UNKN_R2_B1,SM_SP32_FEM_UNKN_R2_B1,F_32d_Sporocysts_R2,sporocyst_32d,whole_organism,female,,unknown,Intramolluscan,2,,B1,PRJEB32839,L2,ERR11178407,PRJEB32839,PRJEB32839_parsed
SM_SP32_FEM_UNKN_R3_B1,SM_SP32_FEM_UNKN_R3_B1,F_32d_Sporocysts_R3,sporocyst_32d,whole_organism,female,,unknown,Intramolluscan,3,,B1,PRJEB32839,L2,ERR11178415,PRJEB32839,PRJEB32839_parsed
SM_SP32_MIX_UNKN_R3_B1,SM_SP32_MIX_UNKN_R3_B1,X_32d_Sporocysts_R3,sporocyst_32d,whole_organism,mixed,,unknown,Intramolluscan,3,,B1,PRJEB32839,L2,ERR11178431,PRJEB32839,PRJEB32839_parsed
SM_SP32_MIX_UNKN_R4_B1,SM_SP32_MIX_UNKN_R4_B1,X_32d_Sporocysts_R4,sporocyst_32d,whole_organism,mixed,,unknown,Intramolluscan,4,,B1,PRJEB32839,L2,ERR11178435,PRJEB32839,PRJEB32839_parsed
SM_CERC_FEM_UNKN_R2_B1,SM_CERC_FEM_UNKN_R2_B1,F_Cercariae_R2,cercariae,whole_organism,female,,unknown,"Free-living, water",2,,B1,PRJEB32839,L2,ERR11178437,PRJEB32839,PRJEB32839_parsed
SM_SP01_MIX_UNKN_R5_B1,SM_SP01_MIX_UNKN_R5_B1,X_1d_Sporocysts_R5,sporocyst_1d,whole_organism,mixed,,unknown,in vitro,5,,B1,PRJEB32839,L1,ERR11178264,PRJEB32839,PRJEB32839_parsed
SM_EGGS_MIX_UNKN_R1_B1,SM_EGGS_MIX_UNKN_R1_B1,X_Eggs_R1,eggs,whole_organism,mixed,,unknown,Intramammalian,1,,B1,PRJEB32839,L1,ERR11178266,PRJEB32839,PRJEB32839_parsed
SM_SCH2_MAL_UNKN_R2_B1,SM_SCH2_MAL_UNKN_R2_B1,M_2d_Somules_R2,schistosomula_2d,whole_organism,male,,unknown,in vitro,2,,B1,PRJEB32839,L1,ERR11178267,PRJEB32839,PRJEB32839_parsed
SM_AD26_MAL_UNKN_R5_B1,SM_AD26_MAL_UNKN_R5_B1,M_26d_Juveniles_R5,adult_26d,whole_organism,male,,unknown,Intramammalian,5,,B1,PRJEB32839,L1,ERR11178271,PRJEB32839,PRJEB32839_parsed
SM_SP32_FEM_UNKN_R5_B1,SM_SP32_FEM_UNKN_R5_B1,F_32d_Sporocysts_R5,sporocyst_32d,whole_organism,female,,unknown,Intramolluscan,5,,B1,PRJEB32839,L1,ERR11178272,PRJEB32839,PRJEB32839_parsed
SM_MIRA_MIX_UNKN_R5_B1,SM_MIRA_MIX_UNKN_R5_B1,X_Miracidia_R5,miracidium,whole_organism,mixed,,unknown,"Free-living, water",5,,B1,PRJEB32839,L1,ERR11178278,PRJEB32839,PRJEB32839_parsed
SM_AD26_FEM_UNKN_R3_B1,SM_AD26_FEM_UNKN_R3_B1,F_26d_Juveniles_R3,adult_26d,whole_organism,female,,unknown,Intramammalian,3,,B1,PRJEB32839,L1,ERR11178279,PRJEB32839,PRJEB32839_parsed
SM_SP05_MIX_UNKN_R3_B1,SM_SP05_MIX_UNKN_R3_B1,X_5d_Sporocysts_R3,sporocyst_5d,whole_organism,mixed,,unknown,in vitro,3,,B1,PRJEB32839,L1,ERR11178280,PRJEB32839,PRJEB32839_parsed
SM_SCH2_MIX_UNKN_R4_B1,SM_SCH2_MIX_UNKN_R4_B1,X_2d_Somules_R4,schistosomula_2d,whole_organism,mixed,,unknown,in vitro,4,,B1,PRJEB32839,L1,ERR11178281,PRJEB32839,PRJEB32839_parsed
SM_SCH2_FEM_UNKN_R1_B1,SM_SCH2_FEM_UNKN_R1_B1,F_2d_Somules_R1,schistosomula_2d,whole_organism,female,,unknown,in vitro,1,,B1,PRJEB32839,L1,ERR11178285,PRJEB32839,PRJEB32839_parsed
SM_SP01_MIX_UNKN_R1_B1,SM_SP01_MIX_UNKN_R1_B1,X_1d_Sporocysts_R1,sporocyst_1d,whole_organism,mixed,,unknown,in vitro,1,,B1,PRJEB32839,L1,ERR11178288,PRJEB32839,PRJEB32839_parsed
SM_AD26_FEM_UNKN_R4_B1,SM_AD26_FEM_UNKN_R4_B1,F_26d_Juveniles_R4,adult_26d,whole_organism,female,,unknown,Intramammalian,4,,B1,PRJEB32839,L1,ERR11178289,PRJEB32839,PRJEB32839_parsed
SM_SP05_MIX_UNKN_R4_B1,SM_SP05_MIX_UNKN_R4_B1,X_5d_Sporocysts_R4,sporocyst_5d,whole_organism,mixed,,unknown,in vitro,4,,B1,PRJEB32839,L1,ERR11178290,PRJEB32839,PRJEB32839_parsed
SM_CERC_MAL_UNKN_R3_B1,SM_CERC_MAL_UNKN_R3_B1,M_Cercariae_R3,cercariae,whole_organism,male,,unknown,"Free-living, water",3,,B1,PRJEB32839,L1,ERR11178293,PRJEB32839,PRJEB32839_parsed
SM_SCH2_FEM_UNKN_R2_B1,SM_SCH2_FEM_UNKN_R2_B1,F_2d_Somules_R2,schistosomula_2d,whole_organism,female,,unknown,in vitro,2,,B1,PRJEB32839,L1,ERR11178294,PRJEB32839,PRJEB32839_parsed
SM_SCH2_MAL_UNKN_R5_B1,SM_SCH2_MAL_UNKN_R5_B1,M_2d_Somules_R5,schistosomula_2d,whole_organism,male,,unknown,in vitro,5,,B1,PRJEB32839,L1,ERR11178296,PRJEB32839,PRJEB32839_parsed
SM_SP05_MIX_UNKN_R5_B1,SM_SP05_MIX_UNKN_R5_B1,X_5d_Sporocysts_R5,sporocyst_5d,whole_organism,mixed,,unknown,in vitro,5,,B1,PRJEB32839,L1,ERR11178299,PRJEB32839,PRJEB32839_parsed
SM_SP32_MAL_UNKN_R3_B1,SM_SP32_MAL_UNKN_R3_B1,M_32d_Sporocysts_R3,sporocyst_32d,whole_organism,male,,unknown,Intramolluscan,3,,B1,PRJEB32839,L1,ERR11178301,PRJEB32839,PRJEB32839_parsed
SM_SCH2_FEM_UNKN_R3_B1,SM_SCH2_FEM_UNKN_R3_B1,F_2d_Somules_R3,schistosomula_2d,whole_organism,female,,unknown,in vitro,3,,B1,PRJEB32839,L1,ERR11178303,PRJEB32839,PRJEB32839_parsed
SM_SCH2_MIX_UNKN_R1_B1,SM_SCH2_MIX_UNKN_R1_B1,X_2d_Somules_R1,schistosomula_2d,whole_organism,mixed,,unknown,in vitro,1,,B1,PRJEB32839,L1,ERR11178305,PRJEB32839,PRJEB32839_parsed
SM_SP32_MAL_UNKN_R4_B1,SM_SP32_MAL_UNKN_R4_B1,M_32d_Sporocysts_R4,sporocyst_32d,whole_organism,male,,unknown,Intramolluscan,4,,B1,PRJEB32839,L1,ERR11178310,PRJEB32839,PRJEB32839_parsed
SM_SP01_MIX_UNKN_R4_B1,SM_SP01_MIX_UNKN_R4_B1,X_1d_Sporocysts_R4,sporocyst_1d,whole_organism,mixed,,unknown,in vitro,4,,B1,PRJEB32839,L1,ERR11178315,PRJEB32839,PRJEB32839_parsed
SM_AD26_MAL_UNKN_R3_B1,SM_AD26_MAL_UNKN_R3_B1,M_26d_Juveniles_R3,adult_26d,whole_organism,male,,unknown,Intramammalian,3,,B1,PRJEB32839,L1,ERR11178324,PRJEB32839,PRJEB32839_parsed
SM_SP05_MIX_UNKN_R1_B1,SM_SP05_MIX_UNKN_R1_B1,X_5d_Sporocysts_R1,sporocyst_5d,whole_organism,mixed,,unknown,in vitro,1,,B1,PRJEB32839,L1,ERR11178332,PRJEB32839,PRJEB32839_parsed
SM_AD26_MAL_UNKN_R4_B1,SM_AD26_MAL_UNKN_R4_B1,M_26d_Juveniles_R4,adult_26d,whole_organism,male,,unknown,Intramammalian,4,,B1,PRJEB32839,L1,ERR11178333,PRJEB32839,PRJEB32839_parsed
SM_SP32_MIX_UNKN_R4_B1,SM_SP32_MIX_UNKN_R4_B1,X_32d_Sporocysts_R4,sporocyst_32d,whole_organism,mixed,,unknown,Intramolluscan,4,,B1,PRJEB32839,L1,ERR11178345,PRJEB32839,PRJEB32839_parsed
SM_CERC_FEM_UNKN_R5_B1,SM_CERC_FEM_UNKN_R5_B1,F_Cercariae_R5,cercariae,whole_organism,female,,unknown,"Free-living, water",5,,B1,PRJEB32839,L1,ERR11178353,PRJEB32839,PRJEB32839_parsed
SM_SP01_MIX_UNKN_R5_B1,SM_SP01_MIX_UNKN_R5_B1,X_1d_Sporocysts_R5,sporocyst_1d,whole_organism,mixed,,unknown,in vitro,5,,B1,PRJEB32839,L2,ERR11178354,PRJEB32839,PRJEB32839_parsed
SM_CERC_MIX_UNKN_R4_B1,SM_CERC_MIX_UNKN_R4_B1,X_Cercariae_R4,cercariae,whole_organism,mixed,,unknown,"Free-living, water",4,,B1,PRJEB32839,L2,ERR11178355,PRJEB32839,PRJEB32839_parsed
SM_SP05_MIX_UNKN_R2_B1,SM_SP05_MIX_UNKN_R2_B1,X_5d_Sporocysts_R2,sporocyst_5d,whole_organism,mixed,,unknown,in vitro,2,,B1,PRJEB32839,L2,ERR11178360,PRJEB32839,PRJEB32839_parsed
SM_AD26_MAL_UNKN_R5_B1,SM_AD26_MAL_UNKN_R5_B1,M_26d_Juveniles_R5,adult_26d,whole_organism,male,,unknown,Intramammalian,5,,B1,PRJEB32839,L2,ERR11178361,PRJEB32839,PRJEB32839_parsed
SM_SP32_FEM_UNKN_R5_B1,SM_SP32_FEM_UNKN_R5_B1,F_32d_Sporocysts_R5,sporocyst_32d,whole_organism,female,,unknown,Intramolluscan,5,,B1,PRJEB32839,L2,ERR11178362,PRJEB32839,PRJEB32839_parsed
SM_CERC_MIX_UNKN_R5_B1,SM_CERC_MIX_UNKN_R5_B1,X_Cercariae_R5,cercariae,whole_organism,mixed,,unknown,"Free-living, water",5,,B1,PRJEB32839,L2,ERR11178365,PRJEB32839,PRJEB32839_parsed
SM_EGGS_MIX_UNKN_R2_B1,SM_EGGS_MIX_UNKN_R2_B1,X_Eggs_R2,eggs,whole_organism,mixed,,unknown,Intramammalian,2,,B1,PRJEB32839,L2,ERR11178366,PRJEB32839,PRJEB32839_parsed
SM_SCH2_MAL_UNKN_R3_B1,SM_SCH2_MAL_UNKN_R3_B1,M_2d_Somules_R3,schistosomula_2d,whole_organism,male,,unknown,in vitro,3,,B1,PRJEB32839,L2,ERR11178367,PRJEB32839,PRJEB32839_parsed
SM_AD26_FEM_UNKN_R3_B1,SM_AD26_FEM_UNKN_R3_B1,F_26d_Juveniles_R3,adult_26d,whole_organism,female,,unknown,Intramammalian,3,,B1,PRJEB32839,L2,ERR11178369,PRJEB32839,PRJEB32839_parsed
SM_SP05_MIX_UNKN_R3_B1,SM_SP05_MIX_UNKN_R3_B1,X_5d_Sporocysts_R3,sporocyst_5d,whole_organism,mixed,,unknown,in vitro,3,,B1,PRJEB32839,L2,ERR11178370,PRJEB32839,PRJEB32839_parsed
SM_SCH2_MIX_UNKN_R4_B1,SM_SCH2_MIX_UNKN_R4_B1,X_2d_Somules_R4,schistosomula_2d,whole_organism,mixed,,unknown,in vitro,4,,B1,PRJEB32839,L2,ERR11178371,PRJEB32839,PRJEB32839_parsed
SM_CERC_MAL_UNKN_R2_B1,SM_CERC_MAL_UNKN_R2_B1,M_Cercariae_R2,cercariae,whole_organism,male,,unknown,"Free-living, water",2,,B1,PRJEB32839,L2,ERR11178374,PRJEB32839,PRJEB32839_parsed
SM_EGGS_MIX_UNKN_R3_B1,SM_EGGS_MIX_UNKN_R3_B1,X_Eggs_R3,eggs,whole_organism,mixed,,unknown,Intramammalian,3,,B1,PRJEB32839,L2,ERR11178376,PRJEB32839,PRJEB32839_parsed
SM_SP01_MIX_UNKN_R1_B1,SM_SP01_MIX_UNKN_R1_B1,X_1d_Sporocysts_R1,sporocyst_1d,whole_organism,mixed,,unknown,in vitro,1,,B1,PRJEB32839,L2,ERR11178378,PRJEB32839,PRJEB32839_parsed
SM_SP32_MAL_UNKN_R2_B1,SM_SP32_MAL_UNKN_R2_B1,M_32d_Sporocysts_R2,sporocyst_32d,whole_organism,male,,unknown,Intramolluscan,2,,B1,PRJEB32839,L2,ERR11178382,PRJEB32839,PRJEB32839_parsed
SM_SCH2_FEM_UNKN_R2_B1,SM_SCH2_FEM_UNKN_R2_B1,F_2d_Somules_R2,schistosomula_2d,whole_organism,female,,unknown,in vitro,2,,B1,PRJEB32839,L2,ERR11178384,PRJEB32839,PRJEB32839_parsed
SM_SP05_MIX_UNKN_R5_B1,SM_SP05_MIX_UNKN_R5_B1,X_5d_Sporocysts_R5,sporocyst_5d,whole_organism,mixed,,unknown,in vitro,5,,B1,PRJEB32839,L2,ERR11178389,PRJEB32839,PRJEB32839_parsed
SM_SP01_MIX_UNKN_R4_B1,SM_SP01_MIX_UNKN_R4_B1,X_1d_Sporocysts_R4,sporocyst_1d,whole_organism,mixed,,unknown,in vitro,4,,B1,PRJEB32839,L2,ERR11178405,PRJEB32839,PRJEB32839_parsed
SM_SP32_MAL_UNKN_R5_B1,SM_SP32_MAL_UNKN_R5_B1,M_32d_Sporocysts_R5,sporocyst_32d,whole_organism,male,,unknown,Intramolluscan,5,,B1,PRJEB32839,L2,ERR11178409,PRJEB32839,PRJEB32839_parsed
SM_CERC_MIX_UNKN_R1_B1,SM_CERC_MIX_UNKN_R1_B1,X_Cercariae_R1,cercariae,whole_organism,mixed,,unknown,"Free-living, water",1,,B1,PRJEB32839,L2,ERR11178410,PRJEB32839,PRJEB32839_parsed
SM_SCH2_MIX_UNKN_R3_B1,SM_SCH2_MIX_UNKN_R3_B1,X_2d_Somules_R3,schistosomula_2d,whole_organism,mixed,,unknown,in vitro,3,,B1,PRJEB32839,L2,ERR11178413,PRJEB32839,PRJEB32839_parsed
SM_SP32_MIX_UNKN_R1_B1,SM_SP32_MIX_UNKN_R1_B1,X_32d_Sporocysts_R1,sporocyst_32d,whole_organism,mixed,,unknown,Intramolluscan,1,,B1,PRJEB32839,L2,ERR11178417,PRJEB32839,PRJEB32839_parsed
SM_CERC_MIX_UNKN_R2_B1,SM_CERC_MIX_UNKN_R2_B1,X_Cercariae_R2,cercariae,whole_organism,mixed,,unknown,"Free-living, water",2,,B1,PRJEB32839,L2,ERR11178418,PRJEB32839,PRJEB32839_parsed
SM_SP05_MIX_UNKN_R1_B1,SM_SP05_MIX_UNKN_R1_B1,X_5d_Sporocysts_R1,sporocyst_5d,whole_organism,mixed,,unknown,in vitro,1,,B1,PRJEB32839,L2,ERR11178422,PRJEB32839,PRJEB32839_parsed
SM_SP32_FEM_UNKN_R4_B1,SM_SP32_FEM_UNKN_R4_B1,F_32d_Sporocysts_R4,sporocyst_32d,whole_organism,female,,unknown,Intramolluscan,4,,B1,PRJEB32839,L2,ERR11178424,PRJEB32839,PRJEB32839_parsed
SM_CERC_MIX_UNKN_R3_B1,SM_CERC_MIX_UNKN_R3_B1,X_Cercariae_R3,cercariae,whole_organism,mixed,,unknown,"Free-living, water",3,,B1,PRJEB32839,L2,ERR11178427,PRJEB32839,PRJEB32839_parsed
SM_SP32_MIX_UNKN_R5_B1,SM_SP32_MIX_UNKN_R5_B1,X_32d_Sporocysts_R5,sporocyst_32d,whole_organism,mixed,,unknown,Intramolluscan,5,,B1,PRJEB32839,L2,ERR11178432,PRJEB32839,PRJEB32839_parsed
SM_CERC_FEM_UNKN_R1_B1,SM_CERC_FEM_UNKN_R1_B1,F_Cercariae_R1,cercariae,whole_organism,female,,unknown,"Free-living, water",1,,B1,PRJEB32839,L2,ERR11178433,PRJEB32839,PRJEB32839_parsed
SM_CERC_FEM_UNKN_R3_B1,SM_CERC_FEM_UNKN_R3_B1,F_Cercariae_R3,cercariae,whole_organism,female,,unknown,"Free-living, water",3,,B1,PRJEB32839,L2,ERR11178439,PRJEB32839,PRJEB32839_parsed
SM_CERC_FEM_UNKN_R4_B1,SM_CERC_FEM_UNKN_R4_B1,F_Cercariae_R4,cercariae,whole_organism,female,,unknown,"Free-living, water",4,,B1,PRJEB32839,L2,ERR11178441,PRJEB32839,PRJEB32839_parsed
SM_CERC_MIX_UNKN_R4_B1,SM_CERC_MIX_UNKN_R4_B1,X_Cercariae_R4,cercariae,whole_organism,mixed,,unknown,"Free-living, water",4,,B1,PRJEB32839,L1,ERR11178265,PRJEB32839,PRJEB32839_parsed
SM_MIRA_MIX_UNKN_R4_B1,SM_MIRA_MIX_UNKN_R4_B1,X_Miracidia_R4,miracidium,whole_organism,mixed,,unknown,"Free-living, water",4,,B1,PRJEB32839,L1,ERR11178268,PRJEB32839,PRJEB32839_parsed
SM_AD26_FEM_UNKN_R2_B1,SM_AD26_FEM_UNKN_R2_B1,F_26d_Juveniles_R2,adult_26d,whole_organism,female,,unknown,Intramammalian,2,,B1,PRJEB32839,L1,ERR11178269,PRJEB32839,PRJEB32839_parsed
SM_CERC_MAL_UNKN_R1_B1,SM_CERC_MAL_UNKN_R1_B1,M_Cercariae_R1,cercariae,whole_organism,male,,unknown,"Free-living, water",1,,B1,PRJEB32839,L1,ERR11178274,PRJEB32839,PRJEB32839_parsed
SM_SCH2_MIX_UNKN_R5_B1,SM_SCH2_MIX_UNKN_R5_B1,X_2d_Somules_R5,schistosomula_2d,whole_organism,mixed,,unknown,in vitro,5,,B1,PRJEB32839,L1,ERR11178291,PRJEB32839,PRJEB32839_parsed
SM_SP32_MAL_UNKN_R2_B1,SM_SP32_MAL_UNKN_R2_B1,M_32d_Sporocysts_R2,sporocyst_32d,whole_organism,male,,unknown,Intramolluscan,2,,B1,PRJEB32839,L1,ERR11178292,PRJEB32839,PRJEB32839_parsed
SM_SP01_MIX_UNKN_R2_B1,SM_SP01_MIX_UNKN_R2_B1,X_1d_Sporocysts_R2,sporocyst_1d,whole_organism,mixed,,unknown,in vitro,2,,B1,PRJEB32839,L1,ERR11178297,PRJEB32839,PRJEB32839_parsed
SM_AD26_FEM_UNKN_R5_B1,SM_AD26_FEM_UNKN_R5_B1,F_26d_Juveniles_R5,adult_26d,whole_organism,female,,unknown,Intramammalian,5,,B1,PRJEB32839,L1,ERR11178298,PRJEB32839,PRJEB32839_parsed
SM_EGGS_MIX_UNKN_R5_B1,SM_EGGS_MIX_UNKN_R5_B1,X_Eggs_R5,eggs,whole_organism,mixed,,unknown,Intramammalian,5,,B1,PRJEB32839,L1,ERR11178304,PRJEB32839,PRJEB32839_parsed
SM_SP32_FEM_UNKN_R1_B1,SM_SP32_FEM_UNKN_R1_B1,F_32d_Sporocysts_R1,sporocyst_32d,whole_organism,female,,unknown,Intramolluscan,1,,B1,PRJEB32839,L1,ERR11178308,PRJEB32839,PRJEB32839_parsed
SM_CERC_MAL_UNKN_R5_B1,SM_CERC_MAL_UNKN_R5_B1,M_Cercariae_R5,cercariae,whole_organism,male,,unknown,"Free-living, water",5,,B1,PRJEB32839,L1,ERR11178311,PRJEB32839,PRJEB32839_parsed
SM_SCH2_MIX_UNKN_R2_B1,SM_SCH2_MIX_UNKN_R2_B1,X_2d_Somules_R2,schistosomula_2d,whole_organism,mixed,,unknown,in vitro,2,,B1,PRJEB32839,L1,ERR11178314,PRJEB32839,PRJEB32839_parsed
SM_SP32_MAL_UNKN_R5_B1,SM_SP32_MAL_UNKN_R5_B1,M_32d_Sporocysts_R5,sporocyst_32d,whole_organism,male,,unknown,Intramolluscan,5,,B1,PRJEB32839,L1,ERR11178319,PRJEB32839,PRJEB32839_parsed
SM_SCH2_FEM_UNKN_R5_B1,SM_SCH2_FEM_UNKN_R5_B1,F_2d_Somules_R5,schistosomula_2d,whole_organism,female,,unknown,in vitro,5,,B1,PRJEB32839,L1,ERR11178321,PRJEB32839,PRJEB32839_parsed
SM_MIRA_MIX_UNKN_R2_B1,SM_MIRA_MIX_UNKN_R2_B1,X_Miracidia_R2,miracidium,whole_organism,mixed,,unknown,"Free-living, water",2,,B1,PRJEB32839,L1,ERR11178322,PRJEB32839,PRJEB32839_parsed
SM_SP32_MIX_UNKN_R1_B1,SM_SP32_MIX_UNKN_R1_B1,X_32d_Sporocysts_R1,sporocyst_32d,whole_organism,mixed,,unknown,Intramolluscan,1,,B1,PRJEB32839,L1,ERR11178327,PRJEB32839,PRJEB32839_parsed
SM_SCH2_MAL_UNKN_R1_B1,SM_SCH2_MAL_UNKN_R1_B1,M_2d_Somules_R1,schistosomula_2d,whole_organism,male,,unknown,in vitro,1,,B1,PRJEB32839,L1,ERR11178329,PRJEB32839,PRJEB32839_parsed
SM_MIRA_MIX_UNKN_R3_B1,SM_MIRA_MIX_UNKN_R3_B1,X_Miracidia_R3,miracidium,whole_organism,mixed,,unknown,"Free-living, water",3,,B1,PRJEB32839,L1,ERR11178330,PRJEB32839,PRJEB32839_parsed
SM_AD26_FEM_UNKN_R1_B1,SM_AD26_FEM_UNKN_R1_B1,F_26d_Juveniles_R1,adult_26d,whole_organism,female,,unknown,Intramammalian,1,,B1,PRJEB32839,L1,ERR11178331,PRJEB32839,PRJEB32839_parsed
SM_SP32_MIX_UNKN_R2_B1,SM_SP32_MIX_UNKN_R2_B1,X_32d_Sporocysts_R2,sporocyst_32d,whole_organism,mixed,,unknown,Intramolluscan,2,,B1,PRJEB32839,L1,ERR11178336,PRJEB32839,PRJEB32839_parsed
SM_CERC_MIX_UNKN_R3_B1,SM_CERC_MIX_UNKN_R3_B1,X_Cercariae_R3,cercariae,whole_organism,mixed,,unknown,"Free-living, water",3,,B1,PRJEB32839,L1,ERR11178337,PRJEB32839,PRJEB32839_parsed
SM_SP32_MIX_UNKN_R3_B1,SM_SP32_MIX_UNKN_R3_B1,X_32d_Sporocysts_R3,sporocyst_32d,whole_organism,mixed,,unknown,Intramolluscan,3,,B1,PRJEB32839,L1,ERR11178341,PRJEB32839,PRJEB32839_parsed
SM_CERC_FEM_UNKN_R2_B1,SM_CERC_FEM_UNKN_R2_B1,F_Cercariae_R2,cercariae,whole_organism,female,,unknown,"Free-living, water",2,,B1,PRJEB32839,L1,ERR11178347,PRJEB32839,PRJEB32839_parsed
SM_CERC_FEM_UNKN_R4_B1,SM_CERC_FEM_UNKN_R4_B1,F_Cercariae_R4,cercariae,whole_organism,female,,unknown,"Free-living, water",4,,B1,PRJEB32839,L1,ERR11178351,PRJEB32839,PRJEB32839_parsed
SM_SCH2_MAL_UNKN_R2_B1,SM_SCH2_MAL_UNKN_R2_B1,M_2d_Somules_R2,schistosomula_2d,whole_organism,male,,unknown,in vitro,2,,B1,PRJEB32839,L2,ERR11178357,PRJEB32839,PRJEB32839_parsed
SM_MIRA_MIX_UNKN_R4_B1,SM_MIRA_MIX_UNKN_R4_B1,X_Miracidia_R4,miracidium,whole_organism,mixed,,unknown,"Free-living, water",4,,B1,PRJEB32839,L2,ERR11178358,PRJEB32839,PRJEB32839_parsed
SM_AD26_FEM_UNKN_R2_B1,SM_AD26_FEM_UNKN_R2_B1,F_26d_Juveniles_R2,adult_26d,whole_organism,female,,unknown,Intramammalian,2,,B1,PRJEB32839,L2,ERR11178359,PRJEB32839,PRJEB32839_parsed
SM_CERC_MAL_UNKN_R1_B1,SM_CERC_MAL_UNKN_R1_B1,M_Cercariae_R1,cercariae,whole_organism,male,,unknown,"Free-living, water",1,,B1,PRJEB32839,L2,ERR11178364,PRJEB32839,PRJEB32839_parsed
SM_SCH2_FEM_UNKN_R1_B1,SM_SCH2_FEM_UNKN_R1_B1,F_2d_Somules_R1,schistosomula_2d,whole_organism,female,,unknown,in vitro,1,,B1,PRJEB32839,L2,ERR11178375,PRJEB32839,PRJEB32839_parsed
SM_SCH2_MAL_UNKN_R4_B1,SM_SCH2_MAL_UNKN_R4_B1,M_2d_Somules_R4,schistosomula_2d,whole_organism,male,,unknown,in vitro,4,,B1,PRJEB32839,L2,ERR11178377,PRJEB32839,PRJEB32839_parsed
SM_SP05_MIX_UNKN_R4_B1,SM_SP05_MIX_UNKN_R4_B1,X_5d_Sporocysts_R4,sporocyst_5d,whole_organism,mixed,,unknown,in vitro,4,,B1,PRJEB32839,L2,ERR11178380,PRJEB32839,PRJEB32839_parsed
SM_CERC_MAL_UNKN_R3_B1,SM_CERC_MAL_UNKN_R3_B1,M_Cercariae_R3,cercariae,whole_organism,male,,unknown,"Free-living, water",3,,B1,PRJEB32839,L2,ERR11178383,PRJEB32839,PRJEB32839_parsed
SM_SP32_MAL_UNKN_R3_B1,SM_SP32_MAL_UNKN_R3_B1,M_32d_Sporocysts_R3,sporocyst_32d,whole_organism,male,,unknown,Intramolluscan,3,,B1,PRJEB32839,L2,ERR11178391,PRJEB32839,PRJEB32839_parsed
SM_CERC_MAL_UNKN_R4_B1,SM_CERC_MAL_UNKN_R4_B1,M_Cercariae_R4,cercariae,whole_organism,male,,unknown,"Free-living, water",4,,B1,PRJEB32839,L2,ERR11178392,PRJEB32839,PRJEB32839_parsed
SM_SCH2_FEM_UNKN_R3_B1,SM_SCH2_FEM_UNKN_R3_B1,F_2d_Somules_R3,schistosomula_2d,whole_organism,female,,unknown,in vitro,3,,B1,PRJEB32839,L2,ERR11178393,PRJEB32839,PRJEB32839_parsed
SM_AD26_MAL_UNKN_R1_B1,SM_AD26_MAL_UNKN_R1_B1,M_26d_Juveniles_R1,adult_26d,whole_organism,male,,unknown,Intramammalian,1,,B1,PRJEB32839,L2,ERR11178397,PRJEB32839,PRJEB32839_parsed
SM_SP32_FEM_UNKN_R1_B1,SM_SP32_FEM_UNKN_R1_B1,F_32d_Sporocysts_R1,sporocyst_32d,whole_organism,female,,unknown,Intramolluscan,1,,B1,PRJEB32839,L2,ERR11178398,PRJEB32839,PRJEB32839_parsed
SM_CERC_MAL_UNKN_R5_B1,SM_CERC_MAL_UNKN_R5_B1,M_Cercariae_R5,cercariae,whole_organism,male,,unknown,"Free-living, water",5,,B1,PRJEB32839,L2,ERR11178401,PRJEB32839,PRJEB32839_parsed
SM_SCH2_MIX_UNKN_R2_B1,SM_SCH2_MIX_UNKN_R2_B1,X_2d_Somules_R2,schistosomula_2d,whole_organism,mixed,,unknown,in vitro,2,,B1,PRJEB32839,L2,ERR11178404,PRJEB32839,PRJEB32839_parsed
SM_SCH2_FEM_UNKN_R5_B1,SM_SCH2_FEM_UNKN_R5_B1,F_2d_Somules_R5,schistosomula_2d,whole_organism,female,,unknown,in vitro,5,,B1,PRJEB32839,L2,ERR11178411,PRJEB32839,PRJEB32839_parsed
SM_MIRA_MIX_UNKN_R2_B1,SM_MIRA_MIX_UNKN_R2_B1,X_Miracidia_R2,miracidium,whole_organism,mixed,,unknown,"Free-living, water",2,,B1,PRJEB32839,L2,ERR11178412,PRJEB32839,PRJEB32839_parsed
SM_AD26_MAL_UNKN_R3_B1,SM_AD26_MAL_UNKN_R3_B1,M_26d_Juveniles_R3,adult_26d,whole_organism,male,,unknown,Intramammalian,3,,B1,PRJEB32839,L2,ERR11178414,PRJEB32839,PRJEB32839_parsed
SM_SCH2_MAL_UNKN_R1_B1,SM_SCH2_MAL_UNKN_R1_B1,M_2d_Somules_R1,schistosomula_2d,whole_organism,male,,unknown,in vitro,1,,B1,PRJEB32839,L2,ERR11178419,PRJEB32839,PRJEB32839_parsed
SM_MIRA_MIX_UNKN_R3_B1,SM_MIRA_MIX_UNKN_R3_B1,X_Miracidia_R3,miracidium,whole_organism,mixed,,unknown,"Free-living, water",3,,B1,PRJEB32839,L2,ERR11178420,PRJEB32839,PRJEB32839_parsed
SM_AD26_FEM_UNKN_R1_B1,SM_AD26_FEM_UNKN_R1_B1,F_26d_Juveniles_R1,adult_26d,whole_organism,female,,unknown,Intramammalian,1,,B1,PRJEB32839,L2,ERR11178421,PRJEB32839,PRJEB32839_parsed
SM_AD26_MAL_UNKN_R4_B1,SM_AD26_MAL_UNKN_R4_B1,M_26d_Juveniles_R4,adult_26d,whole_organism,male,,unknown,Intramammalian,4,,B1,PRJEB32839,L2,ERR11178423,PRJEB32839,PRJEB32839_parsed
SM_SP32_MIX_UNKN_R2_B1,SM_SP32_MIX_UNKN_R2_B1,X_32d_Sporocysts_R2,sporocyst_32d,whole_organism,mixed,,unknown,Intramolluscan,2,,B1,PRJEB32839,L2,ERR11178426,PRJEB32839,PRJEB32839_parsed
SM_CERC_FEM_UNKN_R5_B1,SM_CERC_FEM_UNKN_R5_B1,F_Cercariae_R5,cercariae,whole_organism,female,,unknown,"Free-living, water",5,,B1,PRJEB32839,L2,ERR11178443,PRJEB32839,PRJEB32839_parsed
